[
  {
    "name": "Application Start",
    "start": 1543322409044,
    "end": 1543322409465,
    "duration": 421,
    "pid": 29466,
    "index": 0
  },
  {
    "name": "Load Plugin",
    "start": 1543322409048,
    "end": 1543322409053,
    "duration": 5,
    "pid": 29466,
    "index": 1
  },
  {
    "name": "Load Config",
    "start": 1543322409054,
    "end": 1543322409065,
    "duration": 11,
    "pid": 29466,
    "index": 2
  },
  {
    "name": "Require(0) config/config.default.js",
    "start": 1543322409054,
    "end": 1543322409054,
    "duration": 0,
    "pid": 29466,
    "index": 3
  },
  {
    "name": "Require(1) config/config.local.js",
    "start": 1543322409055,
    "end": 1543322409055,
    "duration": 0,
    "pid": 29466,
    "index": 4
  },
  {
    "name": "Require(2) node_modules/egg-session/config/config.default.js",
    "start": 1543322409055,
    "end": 1543322409055,
    "duration": 0,
    "pid": 29466,
    "index": 5
  },
  {
    "name": "Require(3) node_modules/egg-security/config/config.default.js",
    "start": 1543322409056,
    "end": 1543322409057,
    "duration": 1,
    "pid": 29466,
    "index": 6
  },
  {
    "name": "Require(4) node_modules/egg-jsonp/config/config.default.js",
    "start": 1543322409059,
    "end": 1543322409059,
    "duration": 0,
    "pid": 29466,
    "index": 7
  },
  {
    "name": "Require(5) node_modules/egg-onerror/config/config.default.js",
    "start": 1543322409059,
    "end": 1543322409059,
    "duration": 0,
    "pid": 29466,
    "index": 8
  },
  {
    "name": "Require(6) node_modules/egg-i18n/config/config.default.js",
    "start": 1543322409059,
    "end": 1543322409060,
    "duration": 1,
    "pid": 29466,
    "index": 9
  },
  {
    "name": "Require(7) node_modules/egg-watcher/config/config.default.js",
    "start": 1543322409060,
    "end": 1543322409060,
    "duration": 0,
    "pid": 29466,
    "index": 10
  },
  {
    "name": "Require(8) node_modules/egg-schedule/config/config.default.js",
    "start": 1543322409060,
    "end": 1543322409060,
    "duration": 0,
    "pid": 29466,
    "index": 11
  },
  {
    "name": "Require(9) node_modules/egg-multipart/config/config.default.js",
    "start": 1543322409060,
    "end": 1543322409061,
    "duration": 1,
    "pid": 29466,
    "index": 12
  },
  {
    "name": "Require(10) node_modules/egg-development/config/config.default.js",
    "start": 1543322409061,
    "end": 1543322409061,
    "duration": 0,
    "pid": 29466,
    "index": 13
  },
  {
    "name": "Require(11) node_modules/egg-logrotator/config/config.default.js",
    "start": 1543322409061,
    "end": 1543322409061,
    "duration": 0,
    "pid": 29466,
    "index": 14
  },
  {
    "name": "Require(12) node_modules/egg-static/config/config.default.js",
    "start": 1543322409062,
    "end": 1543322409062,
    "duration": 0,
    "pid": 29466,
    "index": 15
  },
  {
    "name": "Require(13) node_modules/egg-view/config/config.default.js",
    "start": 1543322409062,
    "end": 1543322409062,
    "duration": 0,
    "pid": 29466,
    "index": 16
  },
  {
    "name": "Require(14) node_modules/egg-sequelize/config/config.default.js",
    "start": 1543322409062,
    "end": 1543322409062,
    "duration": 0,
    "pid": 29466,
    "index": 17
  },
  {
    "name": "Require(15) node_modules/egg/config/config.default.js",
    "start": 1543322409062,
    "end": 1543322409063,
    "duration": 1,
    "pid": 29466,
    "index": 18
  },
  {
    "name": "Require(16) config/config.default.js",
    "start": 1543322409064,
    "end": 1543322409064,
    "duration": 0,
    "pid": 29466,
    "index": 19
  },
  {
    "name": "Require(17) node_modules/egg-security/config/config.local.js",
    "start": 1543322409064,
    "end": 1543322409064,
    "duration": 0,
    "pid": 29466,
    "index": 20
  },
  {
    "name": "Require(18) node_modules/egg-watcher/config/config.local.js",
    "start": 1543322409064,
    "end": 1543322409065,
    "duration": 1,
    "pid": 29466,
    "index": 21
  },
  {
    "name": "Require(19) node_modules/egg-view/config/config.local.js",
    "start": 1543322409065,
    "end": 1543322409065,
    "duration": 0,
    "pid": 29466,
    "index": 22
  },
  {
    "name": "Require(20) node_modules/egg/config/config.local.js",
    "start": 1543322409065,
    "end": 1543322409065,
    "duration": 0,
    "pid": 29466,
    "index": 23
  },
  {
    "name": "Require(21) config/config.local.js",
    "start": 1543322409065,
    "end": 1543322409065,
    "duration": 0,
    "pid": 29466,
    "index": 24
  },
  {
    "name": "Load extend/application.js",
    "start": 1543322409066,
    "end": 1543322409070,
    "duration": 4,
    "pid": 29466,
    "index": 25
  },
  {
    "name": "Require(22) node_modules/egg-session/app/extend/application.js",
    "start": 1543322409067,
    "end": 1543322409067,
    "duration": 0,
    "pid": 29466,
    "index": 26
  },
  {
    "name": "Require(23) node_modules/egg-security/app/extend/application.js",
    "start": 1543322409067,
    "end": 1543322409068,
    "duration": 1,
    "pid": 29466,
    "index": 27
  },
  {
    "name": "Require(24) node_modules/egg-jsonp/app/extend/application.js",
    "start": 1543322409068,
    "end": 1543322409068,
    "duration": 0,
    "pid": 29466,
    "index": 28
  },
  {
    "name": "Require(25) node_modules/egg-logrotator/app/extend/application.js",
    "start": 1543322409069,
    "end": 1543322409069,
    "duration": 0,
    "pid": 29466,
    "index": 29
  },
  {
    "name": "Require(26) node_modules/egg-view/app/extend/application.js",
    "start": 1543322409069,
    "end": 1543322409070,
    "duration": 1,
    "pid": 29466,
    "index": 30
  },
  {
    "name": "Load extend/request.js",
    "start": 1543322409070,
    "end": 1543322409073,
    "duration": 3,
    "pid": 29466,
    "index": 31
  },
  {
    "name": "Require(27) node_modules/egg/app/extend/request.js",
    "start": 1543322409071,
    "end": 1543322409073,
    "duration": 2,
    "pid": 29466,
    "index": 32
  },
  {
    "name": "Load extend/response.js",
    "start": 1543322409073,
    "end": 1543322409076,
    "duration": 3,
    "pid": 29466,
    "index": 33
  },
  {
    "name": "Require(28) node_modules/egg/app/extend/response.js",
    "start": 1543322409074,
    "end": 1543322409075,
    "duration": 1,
    "pid": 29466,
    "index": 34
  },
  {
    "name": "Load extend/context.js",
    "start": 1543322409076,
    "end": 1543322409115,
    "duration": 39,
    "pid": 29466,
    "index": 35
  },
  {
    "name": "Require(29) node_modules/egg-security/app/extend/context.js",
    "start": 1543322409077,
    "end": 1543322409082,
    "duration": 5,
    "pid": 29466,
    "index": 36
  },
  {
    "name": "Require(30) node_modules/egg-jsonp/app/extend/context.js",
    "start": 1543322409083,
    "end": 1543322409083,
    "duration": 0,
    "pid": 29466,
    "index": 37
  },
  {
    "name": "Require(31) node_modules/egg-i18n/app/extend/context.js",
    "start": 1543322409083,
    "end": 1543322409083,
    "duration": 0,
    "pid": 29466,
    "index": 38
  },
  {
    "name": "Require(32) node_modules/egg-multipart/app/extend/context.js",
    "start": 1543322409084,
    "end": 1543322409113,
    "duration": 29,
    "pid": 29466,
    "index": 39
  },
  {
    "name": "Require(33) node_modules/egg-view/app/extend/context.js",
    "start": 1543322409113,
    "end": 1543322409114,
    "duration": 1,
    "pid": 29466,
    "index": 40
  },
  {
    "name": "Require(34) node_modules/egg/app/extend/context.js",
    "start": 1543322409114,
    "end": 1543322409114,
    "duration": 0,
    "pid": 29466,
    "index": 41
  },
  {
    "name": "Load extend/helper.js",
    "start": 1543322409115,
    "end": 1543322409124,
    "duration": 9,
    "pid": 29466,
    "index": 42
  },
  {
    "name": "Require(35) node_modules/egg-security/app/extend/helper.js",
    "start": 1543322409115,
    "end": 1543322409121,
    "duration": 6,
    "pid": 29466,
    "index": 43
  },
  {
    "name": "Require(36) node_modules/egg/app/extend/helper.js",
    "start": 1543322409121,
    "end": 1543322409122,
    "duration": 1,
    "pid": 29466,
    "index": 44
  },
  {
    "name": "Require(37) app/extend/helper.js",
    "start": 1543322409122,
    "end": 1543322409123,
    "duration": 1,
    "pid": 29466,
    "index": 45
  },
  {
    "name": "Load app.js",
    "start": 1543322409124,
    "end": 1543322409138,
    "duration": 14,
    "pid": 29466,
    "index": 46
  },
  {
    "name": "Require(38) node_modules/egg-session/app.js",
    "start": 1543322409124,
    "end": 1543322409124,
    "duration": 0,
    "pid": 29466,
    "index": 47
  },
  {
    "name": "Require(39) node_modules/egg-security/app.js",
    "start": 1543322409124,
    "end": 1543322409125,
    "duration": 1,
    "pid": 29466,
    "index": 48
  },
  {
    "name": "Require(40) node_modules/egg-onerror/app.js",
    "start": 1543322409125,
    "end": 1543322409128,
    "duration": 3,
    "pid": 29466,
    "index": 49
  },
  {
    "name": "Require(41) node_modules/egg-i18n/app.js",
    "start": 1543322409128,
    "end": 1543322409134,
    "duration": 6,
    "pid": 29466,
    "index": 50
  },
  {
    "name": "Require(42) node_modules/egg-watcher/app.js",
    "start": 1543322409134,
    "end": 1543322409135,
    "duration": 1,
    "pid": 29466,
    "index": 51
  },
  {
    "name": "Require(43) node_modules/egg-schedule/app.js",
    "start": 1543322409135,
    "end": 1543322409136,
    "duration": 1,
    "pid": 29466,
    "index": 52
  },
  {
    "name": "Require(44) node_modules/egg-multipart/app.js",
    "start": 1543322409136,
    "end": 1543322409137,
    "duration": 1,
    "pid": 29466,
    "index": 53
  },
  {
    "name": "Require(45) node_modules/egg-development/app.js",
    "start": 1543322409137,
    "end": 1543322409137,
    "duration": 0,
    "pid": 29466,
    "index": 54
  },
  {
    "name": "Require(46) node_modules/egg-logrotator/app.js",
    "start": 1543322409137,
    "end": 1543322409137,
    "duration": 0,
    "pid": 29466,
    "index": 55
  },
  {
    "name": "Require(47) node_modules/egg-static/app.js",
    "start": 1543322409137,
    "end": 1543322409138,
    "duration": 1,
    "pid": 29466,
    "index": 56
  },
  {
    "name": "Require(48) node_modules/egg-sequelize/app.js",
    "start": 1543322409138,
    "end": 1543322409138,
    "duration": 0,
    "pid": 29466,
    "index": 57
  },
  {
    "name": "Before Start in node_modules/egg-watcher/lib/init.js:15:14",
    "start": 1543322409147,
    "end": 1543322409447,
    "duration": 300,
    "pid": 29466,
    "index": 58
  },
  {
    "name": "Load \"Symbol(model)\" to Application",
    "start": 1543322409353,
    "end": 1543322409363,
    "duration": 10,
    "pid": 29466,
    "index": 59
  },
  {
    "name": "Before Start in node_modules/egg-sequelize/lib/loader.js:39:7",
    "start": 1543322409365,
    "end": 1543322409464,
    "duration": 99,
    "pid": 29466,
    "index": 60
  },
  {
    "name": "Load Service",
    "start": 1543322409365,
    "end": 1543322409368,
    "duration": 3,
    "pid": 29466,
    "index": 61
  },
  {
    "name": "Load \"service\" to Context",
    "start": 1543322409365,
    "end": 1543322409368,
    "duration": 3,
    "pid": 29466,
    "index": 62
  },
  {
    "name": "Load Middleware",
    "start": 1543322409369,
    "end": 1543322409403,
    "duration": 34,
    "pid": 29466,
    "index": 63
  },
  {
    "name": "Load \"middlewares\" to Application",
    "start": 1543322409369,
    "end": 1543322409398,
    "duration": 29,
    "pid": 29466,
    "index": 64
  },
  {
    "name": "Load Controller",
    "start": 1543322409403,
    "end": 1543322409405,
    "duration": 2,
    "pid": 29466,
    "index": 65
  },
  {
    "name": "Load \"controller\" to Application",
    "start": 1543322409403,
    "end": 1543322409405,
    "duration": 2,
    "pid": 29466,
    "index": 66
  },
  {
    "name": "Load Router",
    "start": 1543322409405,
    "end": 1543322409408,
    "duration": 3,
    "pid": 29466,
    "index": 67
  },
  {
    "name": "Require(49) app/router.js",
    "start": 1543322409405,
    "end": 1543322409406,
    "duration": 1,
    "pid": 29466,
    "index": 68
  },
  {
    "name": "Before Start in node_modules/egg-core/lib/egg.js:287:10",
    "start": 1543322409406,
    "end": 1543322409419,
    "duration": 13,
    "pid": 29466,
    "index": 69
  }
]