[
  {
    "name": "Application Start",
    "start": 1543322290668,
    "end": 1543322291101,
    "duration": 433,
    "pid": 29454,
    "index": 0
  },
  {
    "name": "Load Plugin",
    "start": 1543322290672,
    "end": 1543322290678,
    "duration": 6,
    "pid": 29454,
    "index": 1
  },
  {
    "name": "Load Config",
    "start": 1543322290678,
    "end": 1543322290694,
    "duration": 16,
    "pid": 29454,
    "index": 2
  },
  {
    "name": "Require(0) config/config.default.js",
    "start": 1543322290678,
    "end": 1543322290678,
    "duration": 0,
    "pid": 29454,
    "index": 3
  },
  {
    "name": "Require(1) config/config.local.js",
    "start": 1543322290679,
    "end": 1543322290679,
    "duration": 0,
    "pid": 29454,
    "index": 4
  },
  {
    "name": "Require(2) node_modules/egg-session/config/config.default.js",
    "start": 1543322290680,
    "end": 1543322290680,
    "duration": 0,
    "pid": 29454,
    "index": 5
  },
  {
    "name": "Require(3) node_modules/egg-security/config/config.default.js",
    "start": 1543322290680,
    "end": 1543322290681,
    "duration": 1,
    "pid": 29454,
    "index": 6
  },
  {
    "name": "Require(4) node_modules/egg-jsonp/config/config.default.js",
    "start": 1543322290681,
    "end": 1543322290684,
    "duration": 3,
    "pid": 29454,
    "index": 7
  },
  {
    "name": "Require(5) node_modules/egg-onerror/config/config.default.js",
    "start": 1543322290684,
    "end": 1543322290684,
    "duration": 0,
    "pid": 29454,
    "index": 8
  },
  {
    "name": "Require(6) node_modules/egg-i18n/config/config.default.js",
    "start": 1543322290685,
    "end": 1543322290685,
    "duration": 0,
    "pid": 29454,
    "index": 9
  },
  {
    "name": "Require(7) node_modules/egg-watcher/config/config.default.js",
    "start": 1543322290686,
    "end": 1543322290686,
    "duration": 0,
    "pid": 29454,
    "index": 10
  },
  {
    "name": "Require(8) node_modules/egg-schedule/config/config.default.js",
    "start": 1543322290686,
    "end": 1543322290686,
    "duration": 0,
    "pid": 29454,
    "index": 11
  },
  {
    "name": "Require(9) node_modules/egg-multipart/config/config.default.js",
    "start": 1543322290687,
    "end": 1543322290688,
    "duration": 1,
    "pid": 29454,
    "index": 12
  },
  {
    "name": "Require(10) node_modules/egg-development/config/config.default.js",
    "start": 1543322290689,
    "end": 1543322290689,
    "duration": 0,
    "pid": 29454,
    "index": 13
  },
  {
    "name": "Require(11) node_modules/egg-logrotator/config/config.default.js",
    "start": 1543322290689,
    "end": 1543322290690,
    "duration": 1,
    "pid": 29454,
    "index": 14
  },
  {
    "name": "Require(12) node_modules/egg-static/config/config.default.js",
    "start": 1543322290690,
    "end": 1543322290690,
    "duration": 0,
    "pid": 29454,
    "index": 15
  },
  {
    "name": "Require(13) node_modules/egg-view/config/config.default.js",
    "start": 1543322290690,
    "end": 1543322290690,
    "duration": 0,
    "pid": 29454,
    "index": 16
  },
  {
    "name": "Require(14) node_modules/egg-sequelize/config/config.default.js",
    "start": 1543322290690,
    "end": 1543322290691,
    "duration": 1,
    "pid": 29454,
    "index": 17
  },
  {
    "name": "Require(15) node_modules/egg/config/config.default.js",
    "start": 1543322290691,
    "end": 1543322290691,
    "duration": 0,
    "pid": 29454,
    "index": 18
  },
  {
    "name": "Require(16) config/config.default.js",
    "start": 1543322290692,
    "end": 1543322290692,
    "duration": 0,
    "pid": 29454,
    "index": 19
  },
  {
    "name": "Require(17) node_modules/egg-security/config/config.local.js",
    "start": 1543322290692,
    "end": 1543322290693,
    "duration": 1,
    "pid": 29454,
    "index": 20
  },
  {
    "name": "Require(18) node_modules/egg-watcher/config/config.local.js",
    "start": 1543322290693,
    "end": 1543322290693,
    "duration": 0,
    "pid": 29454,
    "index": 21
  },
  {
    "name": "Require(19) node_modules/egg-view/config/config.local.js",
    "start": 1543322290693,
    "end": 1543322290693,
    "duration": 0,
    "pid": 29454,
    "index": 22
  },
  {
    "name": "Require(20) node_modules/egg/config/config.local.js",
    "start": 1543322290693,
    "end": 1543322290694,
    "duration": 1,
    "pid": 29454,
    "index": 23
  },
  {
    "name": "Require(21) config/config.local.js",
    "start": 1543322290694,
    "end": 1543322290694,
    "duration": 0,
    "pid": 29454,
    "index": 24
  },
  {
    "name": "Load extend/application.js",
    "start": 1543322290695,
    "end": 1543322290699,
    "duration": 4,
    "pid": 29454,
    "index": 25
  },
  {
    "name": "Require(22) node_modules/egg-session/app/extend/application.js",
    "start": 1543322290695,
    "end": 1543322290695,
    "duration": 0,
    "pid": 29454,
    "index": 26
  },
  {
    "name": "Require(23) node_modules/egg-security/app/extend/application.js",
    "start": 1543322290695,
    "end": 1543322290696,
    "duration": 1,
    "pid": 29454,
    "index": 27
  },
  {
    "name": "Require(24) node_modules/egg-jsonp/app/extend/application.js",
    "start": 1543322290696,
    "end": 1543322290697,
    "duration": 1,
    "pid": 29454,
    "index": 28
  },
  {
    "name": "Require(25) node_modules/egg-logrotator/app/extend/application.js",
    "start": 1543322290697,
    "end": 1543322290698,
    "duration": 1,
    "pid": 29454,
    "index": 29
  },
  {
    "name": "Require(26) node_modules/egg-view/app/extend/application.js",
    "start": 1543322290698,
    "end": 1543322290698,
    "duration": 0,
    "pid": 29454,
    "index": 30
  },
  {
    "name": "Load extend/request.js",
    "start": 1543322290699,
    "end": 1543322290703,
    "duration": 4,
    "pid": 29454,
    "index": 31
  },
  {
    "name": "Require(27) node_modules/egg/app/extend/request.js",
    "start": 1543322290699,
    "end": 1543322290702,
    "duration": 3,
    "pid": 29454,
    "index": 32
  },
  {
    "name": "Load extend/response.js",
    "start": 1543322290703,
    "end": 1543322290705,
    "duration": 2,
    "pid": 29454,
    "index": 33
  },
  {
    "name": "Require(28) node_modules/egg/app/extend/response.js",
    "start": 1543322290704,
    "end": 1543322290704,
    "duration": 0,
    "pid": 29454,
    "index": 34
  },
  {
    "name": "Load extend/context.js",
    "start": 1543322290705,
    "end": 1543322290744,
    "duration": 39,
    "pid": 29454,
    "index": 35
  },
  {
    "name": "Require(29) node_modules/egg-security/app/extend/context.js",
    "start": 1543322290705,
    "end": 1543322290711,
    "duration": 6,
    "pid": 29454,
    "index": 36
  },
  {
    "name": "Require(30) node_modules/egg-jsonp/app/extend/context.js",
    "start": 1543322290712,
    "end": 1543322290712,
    "duration": 0,
    "pid": 29454,
    "index": 37
  },
  {
    "name": "Require(31) node_modules/egg-i18n/app/extend/context.js",
    "start": 1543322290712,
    "end": 1543322290712,
    "duration": 0,
    "pid": 29454,
    "index": 38
  },
  {
    "name": "Require(32) node_modules/egg-multipart/app/extend/context.js",
    "start": 1543322290713,
    "end": 1543322290742,
    "duration": 29,
    "pid": 29454,
    "index": 39
  },
  {
    "name": "Require(33) node_modules/egg-view/app/extend/context.js",
    "start": 1543322290742,
    "end": 1543322290743,
    "duration": 1,
    "pid": 29454,
    "index": 40
  },
  {
    "name": "Require(34) node_modules/egg/app/extend/context.js",
    "start": 1543322290743,
    "end": 1543322290743,
    "duration": 0,
    "pid": 29454,
    "index": 41
  },
  {
    "name": "Load extend/helper.js",
    "start": 1543322290744,
    "end": 1543322290753,
    "duration": 9,
    "pid": 29454,
    "index": 42
  },
  {
    "name": "Require(35) node_modules/egg-security/app/extend/helper.js",
    "start": 1543322290744,
    "end": 1543322290751,
    "duration": 7,
    "pid": 29454,
    "index": 43
  },
  {
    "name": "Require(36) node_modules/egg/app/extend/helper.js",
    "start": 1543322290751,
    "end": 1543322290751,
    "duration": 0,
    "pid": 29454,
    "index": 44
  },
  {
    "name": "Require(37) app/extend/helper.js",
    "start": 1543322290751,
    "end": 1543322290753,
    "duration": 2,
    "pid": 29454,
    "index": 45
  },
  {
    "name": "Load app.js",
    "start": 1543322290753,
    "end": 1543322290769,
    "duration": 16,
    "pid": 29454,
    "index": 46
  },
  {
    "name": "Require(38) node_modules/egg-session/app.js",
    "start": 1543322290753,
    "end": 1543322290753,
    "duration": 0,
    "pid": 29454,
    "index": 47
  },
  {
    "name": "Require(39) node_modules/egg-security/app.js",
    "start": 1543322290754,
    "end": 1543322290754,
    "duration": 0,
    "pid": 29454,
    "index": 48
  },
  {
    "name": "Require(40) node_modules/egg-onerror/app.js",
    "start": 1543322290754,
    "end": 1543322290758,
    "duration": 4,
    "pid": 29454,
    "index": 49
  },
  {
    "name": "Require(41) node_modules/egg-i18n/app.js",
    "start": 1543322290758,
    "end": 1543322290765,
    "duration": 7,
    "pid": 29454,
    "index": 50
  },
  {
    "name": "Require(42) node_modules/egg-watcher/app.js",
    "start": 1543322290765,
    "end": 1543322290766,
    "duration": 1,
    "pid": 29454,
    "index": 51
  },
  {
    "name": "Require(43) node_modules/egg-schedule/app.js",
    "start": 1543322290766,
    "end": 1543322290767,
    "duration": 1,
    "pid": 29454,
    "index": 52
  },
  {
    "name": "Require(44) node_modules/egg-multipart/app.js",
    "start": 1543322290767,
    "end": 1543322290767,
    "duration": 0,
    "pid": 29454,
    "index": 53
  },
  {
    "name": "Require(45) node_modules/egg-development/app.js",
    "start": 1543322290768,
    "end": 1543322290768,
    "duration": 0,
    "pid": 29454,
    "index": 54
  },
  {
    "name": "Require(46) node_modules/egg-logrotator/app.js",
    "start": 1543322290768,
    "end": 1543322290768,
    "duration": 0,
    "pid": 29454,
    "index": 55
  },
  {
    "name": "Require(47) node_modules/egg-static/app.js",
    "start": 1543322290768,
    "end": 1543322290768,
    "duration": 0,
    "pid": 29454,
    "index": 56
  },
  {
    "name": "Require(48) node_modules/egg-sequelize/app.js",
    "start": 1543322290768,
    "end": 1543322290768,
    "duration": 0,
    "pid": 29454,
    "index": 57
  },
  {
    "name": "Before Start in node_modules/egg-watcher/lib/init.js:15:14",
    "start": 1543322290780,
    "end": 1543322291079,
    "duration": 299,
    "pid": 29454,
    "index": 58
  },
  {
    "name": "Load \"Symbol(model)\" to Application",
    "start": 1543322290980,
    "end": 1543322290989,
    "duration": 9,
    "pid": 29454,
    "index": 59
  },
  {
    "name": "Before Start in node_modules/egg-sequelize/lib/loader.js:39:7",
    "start": 1543322290991,
    "end": 1543322291101,
    "duration": 110,
    "pid": 29454,
    "index": 60
  },
  {
    "name": "Load Service",
    "start": 1543322290991,
    "end": 1543322290995,
    "duration": 4,
    "pid": 29454,
    "index": 61
  },
  {
    "name": "Load \"service\" to Context",
    "start": 1543322290991,
    "end": 1543322290995,
    "duration": 4,
    "pid": 29454,
    "index": 62
  },
  {
    "name": "Load Middleware",
    "start": 1543322290995,
    "end": 1543322291031,
    "duration": 36,
    "pid": 29454,
    "index": 63
  },
  {
    "name": "Load \"middlewares\" to Application",
    "start": 1543322290995,
    "end": 1543322291026,
    "duration": 31,
    "pid": 29454,
    "index": 64
  },
  {
    "name": "Load Controller",
    "start": 1543322291031,
    "end": 1543322291033,
    "duration": 2,
    "pid": 29454,
    "index": 65
  },
  {
    "name": "Load \"controller\" to Application",
    "start": 1543322291031,
    "end": 1543322291033,
    "duration": 2,
    "pid": 29454,
    "index": 66
  },
  {
    "name": "Load Router",
    "start": 1543322291033,
    "end": 1543322291036,
    "duration": 3,
    "pid": 29454,
    "index": 67
  },
  {
    "name": "Require(49) app/router.js",
    "start": 1543322291033,
    "end": 1543322291033,
    "duration": 0,
    "pid": 29454,
    "index": 68
  },
  {
    "name": "Before Start in node_modules/egg-core/lib/egg.js:287:10",
    "start": 1543322291033,
    "end": 1543322291046,
    "duration": 13,
    "pid": 29454,
    "index": 69
  }
]