[
  {
    "name": "Application Start",
    "start": 1543322450058,
    "end": 1543322450527,
    "duration": 469,
    "pid": 29474,
    "index": 0
  },
  {
    "name": "Load Plugin",
    "start": 1543322450062,
    "end": 1543322450068,
    "duration": 6,
    "pid": 29474,
    "index": 1
  },
  {
    "name": "Load Config",
    "start": 1543322450068,
    "end": 1543322450079,
    "duration": 11,
    "pid": 29474,
    "index": 2
  },
  {
    "name": "Require(0) config/config.default.js",
    "start": 1543322450068,
    "end": 1543322450069,
    "duration": 1,
    "pid": 29474,
    "index": 3
  },
  {
    "name": "Require(1) config/config.local.js",
    "start": 1543322450069,
    "end": 1543322450069,
    "duration": 0,
    "pid": 29474,
    "index": 4
  },
  {
    "name": "Require(2) node_modules/egg-session/config/config.default.js",
    "start": 1543322450070,
    "end": 1543322450070,
    "duration": 0,
    "pid": 29474,
    "index": 5
  },
  {
    "name": "Require(3) node_modules/egg-security/config/config.default.js",
    "start": 1543322450070,
    "end": 1543322450072,
    "duration": 2,
    "pid": 29474,
    "index": 6
  },
  {
    "name": "Require(4) node_modules/egg-jsonp/config/config.default.js",
    "start": 1543322450072,
    "end": 1543322450072,
    "duration": 0,
    "pid": 29474,
    "index": 7
  },
  {
    "name": "Require(5) node_modules/egg-onerror/config/config.default.js",
    "start": 1543322450073,
    "end": 1543322450073,
    "duration": 0,
    "pid": 29474,
    "index": 8
  },
  {
    "name": "Require(6) node_modules/egg-i18n/config/config.default.js",
    "start": 1543322450073,
    "end": 1543322450073,
    "duration": 0,
    "pid": 29474,
    "index": 9
  },
  {
    "name": "Require(7) node_modules/egg-watcher/config/config.default.js",
    "start": 1543322450074,
    "end": 1543322450074,
    "duration": 0,
    "pid": 29474,
    "index": 10
  },
  {
    "name": "Require(8) node_modules/egg-schedule/config/config.default.js",
    "start": 1543322450074,
    "end": 1543322450074,
    "duration": 0,
    "pid": 29474,
    "index": 11
  },
  {
    "name": "Require(9) node_modules/egg-multipart/config/config.default.js",
    "start": 1543322450074,
    "end": 1543322450074,
    "duration": 0,
    "pid": 29474,
    "index": 12
  },
  {
    "name": "Require(10) node_modules/egg-development/config/config.default.js",
    "start": 1543322450075,
    "end": 1543322450075,
    "duration": 0,
    "pid": 29474,
    "index": 13
  },
  {
    "name": "Require(11) node_modules/egg-logrotator/config/config.default.js",
    "start": 1543322450075,
    "end": 1543322450075,
    "duration": 0,
    "pid": 29474,
    "index": 14
  },
  {
    "name": "Require(12) node_modules/egg-static/config/config.default.js",
    "start": 1543322450075,
    "end": 1543322450076,
    "duration": 1,
    "pid": 29474,
    "index": 15
  },
  {
    "name": "Require(13) node_modules/egg-view/config/config.default.js",
    "start": 1543322450076,
    "end": 1543322450076,
    "duration": 0,
    "pid": 29474,
    "index": 16
  },
  {
    "name": "Require(14) node_modules/egg-sequelize/config/config.default.js",
    "start": 1543322450076,
    "end": 1543322450076,
    "duration": 0,
    "pid": 29474,
    "index": 17
  },
  {
    "name": "Require(15) node_modules/egg/config/config.default.js",
    "start": 1543322450076,
    "end": 1543322450077,
    "duration": 1,
    "pid": 29474,
    "index": 18
  },
  {
    "name": "Require(16) config/config.default.js",
    "start": 1543322450078,
    "end": 1543322450078,
    "duration": 0,
    "pid": 29474,
    "index": 19
  },
  {
    "name": "Require(17) node_modules/egg-security/config/config.local.js",
    "start": 1543322450078,
    "end": 1543322450078,
    "duration": 0,
    "pid": 29474,
    "index": 20
  },
  {
    "name": "Require(18) node_modules/egg-watcher/config/config.local.js",
    "start": 1543322450078,
    "end": 1543322450078,
    "duration": 0,
    "pid": 29474,
    "index": 21
  },
  {
    "name": "Require(19) node_modules/egg-view/config/config.local.js",
    "start": 1543322450079,
    "end": 1543322450079,
    "duration": 0,
    "pid": 29474,
    "index": 22
  },
  {
    "name": "Require(20) node_modules/egg/config/config.local.js",
    "start": 1543322450079,
    "end": 1543322450079,
    "duration": 0,
    "pid": 29474,
    "index": 23
  },
  {
    "name": "Require(21) config/config.local.js",
    "start": 1543322450079,
    "end": 1543322450079,
    "duration": 0,
    "pid": 29474,
    "index": 24
  },
  {
    "name": "Load extend/application.js",
    "start": 1543322450081,
    "end": 1543322450087,
    "duration": 6,
    "pid": 29474,
    "index": 25
  },
  {
    "name": "Require(22) node_modules/egg-session/app/extend/application.js",
    "start": 1543322450081,
    "end": 1543322450082,
    "duration": 1,
    "pid": 29474,
    "index": 26
  },
  {
    "name": "Require(23) node_modules/egg-security/app/extend/application.js",
    "start": 1543322450083,
    "end": 1543322450083,
    "duration": 0,
    "pid": 29474,
    "index": 27
  },
  {
    "name": "Require(24) node_modules/egg-jsonp/app/extend/application.js",
    "start": 1543322450083,
    "end": 1543322450084,
    "duration": 1,
    "pid": 29474,
    "index": 28
  },
  {
    "name": "Require(25) node_modules/egg-logrotator/app/extend/application.js",
    "start": 1543322450084,
    "end": 1543322450085,
    "duration": 1,
    "pid": 29474,
    "index": 29
  },
  {
    "name": "Require(26) node_modules/egg-view/app/extend/application.js",
    "start": 1543322450085,
    "end": 1543322450086,
    "duration": 1,
    "pid": 29474,
    "index": 30
  },
  {
    "name": "Load extend/request.js",
    "start": 1543322450087,
    "end": 1543322450093,
    "duration": 6,
    "pid": 29474,
    "index": 31
  },
  {
    "name": "Require(27) node_modules/egg/app/extend/request.js",
    "start": 1543322450088,
    "end": 1543322450093,
    "duration": 5,
    "pid": 29474,
    "index": 32
  },
  {
    "name": "Load extend/response.js",
    "start": 1543322450093,
    "end": 1543322450095,
    "duration": 2,
    "pid": 29474,
    "index": 33
  },
  {
    "name": "Require(28) node_modules/egg/app/extend/response.js",
    "start": 1543322450094,
    "end": 1543322450094,
    "duration": 0,
    "pid": 29474,
    "index": 34
  },
  {
    "name": "Load extend/context.js",
    "start": 1543322450095,
    "end": 1543322450129,
    "duration": 34,
    "pid": 29474,
    "index": 35
  },
  {
    "name": "Require(29) node_modules/egg-security/app/extend/context.js",
    "start": 1543322450095,
    "end": 1543322450101,
    "duration": 6,
    "pid": 29474,
    "index": 36
  },
  {
    "name": "Require(30) node_modules/egg-jsonp/app/extend/context.js",
    "start": 1543322450101,
    "end": 1543322450101,
    "duration": 0,
    "pid": 29474,
    "index": 37
  },
  {
    "name": "Require(31) node_modules/egg-i18n/app/extend/context.js",
    "start": 1543322450101,
    "end": 1543322450101,
    "duration": 0,
    "pid": 29474,
    "index": 38
  },
  {
    "name": "Require(32) node_modules/egg-multipart/app/extend/context.js",
    "start": 1543322450102,
    "end": 1543322450127,
    "duration": 25,
    "pid": 29474,
    "index": 39
  },
  {
    "name": "Require(33) node_modules/egg-view/app/extend/context.js",
    "start": 1543322450127,
    "end": 1543322450128,
    "duration": 1,
    "pid": 29474,
    "index": 40
  },
  {
    "name": "Require(34) node_modules/egg/app/extend/context.js",
    "start": 1543322450128,
    "end": 1543322450128,
    "duration": 0,
    "pid": 29474,
    "index": 41
  },
  {
    "name": "Load extend/helper.js",
    "start": 1543322450129,
    "end": 1543322450140,
    "duration": 11,
    "pid": 29474,
    "index": 42
  },
  {
    "name": "Require(35) node_modules/egg-security/app/extend/helper.js",
    "start": 1543322450129,
    "end": 1543322450136,
    "duration": 7,
    "pid": 29474,
    "index": 43
  },
  {
    "name": "Require(36) node_modules/egg/app/extend/helper.js",
    "start": 1543322450137,
    "end": 1543322450137,
    "duration": 0,
    "pid": 29474,
    "index": 44
  },
  {
    "name": "Require(37) app/extend/helper.js",
    "start": 1543322450137,
    "end": 1543322450139,
    "duration": 2,
    "pid": 29474,
    "index": 45
  },
  {
    "name": "Load app.js",
    "start": 1543322450140,
    "end": 1543322450161,
    "duration": 21,
    "pid": 29474,
    "index": 46
  },
  {
    "name": "Require(38) node_modules/egg-session/app.js",
    "start": 1543322450140,
    "end": 1543322450141,
    "duration": 1,
    "pid": 29474,
    "index": 47
  },
  {
    "name": "Require(39) node_modules/egg-security/app.js",
    "start": 1543322450141,
    "end": 1543322450142,
    "duration": 1,
    "pid": 29474,
    "index": 48
  },
  {
    "name": "Require(40) node_modules/egg-onerror/app.js",
    "start": 1543322450142,
    "end": 1543322450147,
    "duration": 5,
    "pid": 29474,
    "index": 49
  },
  {
    "name": "Require(41) node_modules/egg-i18n/app.js",
    "start": 1543322450147,
    "end": 1543322450157,
    "duration": 10,
    "pid": 29474,
    "index": 50
  },
  {
    "name": "Require(42) node_modules/egg-watcher/app.js",
    "start": 1543322450157,
    "end": 1543322450158,
    "duration": 1,
    "pid": 29474,
    "index": 51
  },
  {
    "name": "Require(43) node_modules/egg-schedule/app.js",
    "start": 1543322450158,
    "end": 1543322450159,
    "duration": 1,
    "pid": 29474,
    "index": 52
  },
  {
    "name": "Require(44) node_modules/egg-multipart/app.js",
    "start": 1543322450159,
    "end": 1543322450160,
    "duration": 1,
    "pid": 29474,
    "index": 53
  },
  {
    "name": "Require(45) node_modules/egg-development/app.js",
    "start": 1543322450160,
    "end": 1543322450160,
    "duration": 0,
    "pid": 29474,
    "index": 54
  },
  {
    "name": "Require(46) node_modules/egg-logrotator/app.js",
    "start": 1543322450160,
    "end": 1543322450161,
    "duration": 1,
    "pid": 29474,
    "index": 55
  },
  {
    "name": "Require(47) node_modules/egg-static/app.js",
    "start": 1543322450161,
    "end": 1543322450161,
    "duration": 0,
    "pid": 29474,
    "index": 56
  },
  {
    "name": "Require(48) node_modules/egg-sequelize/app.js",
    "start": 1543322450161,
    "end": 1543322450161,
    "duration": 0,
    "pid": 29474,
    "index": 57
  },
  {
    "name": "Before Start in node_modules/egg-watcher/lib/init.js:15:14",
    "start": 1543322450171,
    "end": 1543322450505,
    "duration": 334,
    "pid": 29474,
    "index": 58
  },
  {
    "name": "Load \"Symbol(model)\" to Application",
    "start": 1543322450400,
    "end": 1543322450411,
    "duration": 11,
    "pid": 29474,
    "index": 59
  },
  {
    "name": "Before Start in node_modules/egg-sequelize/lib/loader.js:39:7",
    "start": 1543322450413,
    "end": 1543322450526,
    "duration": 113,
    "pid": 29474,
    "index": 60
  },
  {
    "name": "Load Service",
    "start": 1543322450413,
    "end": 1543322450417,
    "duration": 4,
    "pid": 29474,
    "index": 61
  },
  {
    "name": "Load \"service\" to Context",
    "start": 1543322450413,
    "end": 1543322450417,
    "duration": 4,
    "pid": 29474,
    "index": 62
  },
  {
    "name": "Load Middleware",
    "start": 1543322450417,
    "end": 1543322450460,
    "duration": 43,
    "pid": 29474,
    "index": 63
  },
  {
    "name": "Load \"middlewares\" to Application",
    "start": 1543322450417,
    "end": 1543322450453,
    "duration": 36,
    "pid": 29474,
    "index": 64
  },
  {
    "name": "Load Controller",
    "start": 1543322450460,
    "end": 1543322450463,
    "duration": 3,
    "pid": 29474,
    "index": 65
  },
  {
    "name": "Load \"controller\" to Application",
    "start": 1543322450460,
    "end": 1543322450463,
    "duration": 3,
    "pid": 29474,
    "index": 66
  },
  {
    "name": "Load Router",
    "start": 1543322450463,
    "end": 1543322450465,
    "duration": 2,
    "pid": 29474,
    "index": 67
  },
  {
    "name": "Require(49) app/router.js",
    "start": 1543322450463,
    "end": 1543322450463,
    "duration": 0,
    "pid": 29474,
    "index": 68
  },
  {
    "name": "Before Start in node_modules/egg-core/lib/egg.js:287:10",
    "start": 1543322450463,
    "end": 1543322450477,
    "duration": 14,
    "pid": 29474,
    "index": 69
  }
]