[
  {
    "name": "Application Start",
    "start": 1543322284613,
    "end": 1543322285058,
    "duration": 445,
    "pid": 29452,
    "index": 0
  },
  {
    "name": "Load Plugin",
    "start": 1543322284617,
    "end": 1543322284622,
    "duration": 5,
    "pid": 29452,
    "index": 1
  },
  {
    "name": "Load Config",
    "start": 1543322284622,
    "end": 1543322284634,
    "duration": 12,
    "pid": 29452,
    "index": 2
  },
  {
    "name": "Require(0) config/config.default.js",
    "start": 1543322284623,
    "end": 1543322284623,
    "duration": 0,
    "pid": 29452,
    "index": 3
  },
  {
    "name": "Require(1) config/config.local.js",
    "start": 1543322284624,
    "end": 1543322284624,
    "duration": 0,
    "pid": 29452,
    "index": 4
  },
  {
    "name": "Require(2) node_modules/egg-session/config/config.default.js",
    "start": 1543322284624,
    "end": 1543322284624,
    "duration": 0,
    "pid": 29452,
    "index": 5
  },
  {
    "name": "Require(3) node_modules/egg-security/config/config.default.js",
    "start": 1543322284624,
    "end": 1543322284625,
    "duration": 1,
    "pid": 29452,
    "index": 6
  },
  {
    "name": "Require(4) node_modules/egg-jsonp/config/config.default.js",
    "start": 1543322284626,
    "end": 1543322284626,
    "duration": 0,
    "pid": 29452,
    "index": 7
  },
  {
    "name": "Require(5) node_modules/egg-onerror/config/config.default.js",
    "start": 1543322284626,
    "end": 1543322284626,
    "duration": 0,
    "pid": 29452,
    "index": 8
  },
  {
    "name": "Require(6) node_modules/egg-i18n/config/config.default.js",
    "start": 1543322284626,
    "end": 1543322284627,
    "duration": 1,
    "pid": 29452,
    "index": 9
  },
  {
    "name": "Require(7) node_modules/egg-watcher/config/config.default.js",
    "start": 1543322284627,
    "end": 1543322284627,
    "duration": 0,
    "pid": 29452,
    "index": 10
  },
  {
    "name": "Require(8) node_modules/egg-schedule/config/config.default.js",
    "start": 1543322284627,
    "end": 1543322284627,
    "duration": 0,
    "pid": 29452,
    "index": 11
  },
  {
    "name": "Require(9) node_modules/egg-multipart/config/config.default.js",
    "start": 1543322284629,
    "end": 1543322284630,
    "duration": 1,
    "pid": 29452,
    "index": 12
  },
  {
    "name": "Require(10) node_modules/egg-development/config/config.default.js",
    "start": 1543322284630,
    "end": 1543322284630,
    "duration": 0,
    "pid": 29452,
    "index": 13
  },
  {
    "name": "Require(11) node_modules/egg-logrotator/config/config.default.js",
    "start": 1543322284630,
    "end": 1543322284630,
    "duration": 0,
    "pid": 29452,
    "index": 14
  },
  {
    "name": "Require(12) node_modules/egg-static/config/config.default.js",
    "start": 1543322284630,
    "end": 1543322284631,
    "duration": 1,
    "pid": 29452,
    "index": 15
  },
  {
    "name": "Require(13) node_modules/egg-view/config/config.default.js",
    "start": 1543322284631,
    "end": 1543322284631,
    "duration": 0,
    "pid": 29452,
    "index": 16
  },
  {
    "name": "Require(14) node_modules/egg-sequelize/config/config.default.js",
    "start": 1543322284631,
    "end": 1543322284631,
    "duration": 0,
    "pid": 29452,
    "index": 17
  },
  {
    "name": "Require(15) node_modules/egg/config/config.default.js",
    "start": 1543322284631,
    "end": 1543322284632,
    "duration": 1,
    "pid": 29452,
    "index": 18
  },
  {
    "name": "Require(16) config/config.default.js",
    "start": 1543322284633,
    "end": 1543322284633,
    "duration": 0,
    "pid": 29452,
    "index": 19
  },
  {
    "name": "Require(17) node_modules/egg-security/config/config.local.js",
    "start": 1543322284633,
    "end": 1543322284633,
    "duration": 0,
    "pid": 29452,
    "index": 20
  },
  {
    "name": "Require(18) node_modules/egg-watcher/config/config.local.js",
    "start": 1543322284633,
    "end": 1543322284634,
    "duration": 1,
    "pid": 29452,
    "index": 21
  },
  {
    "name": "Require(19) node_modules/egg-view/config/config.local.js",
    "start": 1543322284634,
    "end": 1543322284634,
    "duration": 0,
    "pid": 29452,
    "index": 22
  },
  {
    "name": "Require(20) node_modules/egg/config/config.local.js",
    "start": 1543322284634,
    "end": 1543322284634,
    "duration": 0,
    "pid": 29452,
    "index": 23
  },
  {
    "name": "Require(21) config/config.local.js",
    "start": 1543322284634,
    "end": 1543322284634,
    "duration": 0,
    "pid": 29452,
    "index": 24
  },
  {
    "name": "Load extend/application.js",
    "start": 1543322284636,
    "end": 1543322284641,
    "duration": 5,
    "pid": 29452,
    "index": 25
  },
  {
    "name": "Require(22) node_modules/egg-session/app/extend/application.js",
    "start": 1543322284637,
    "end": 1543322284638,
    "duration": 1,
    "pid": 29452,
    "index": 26
  },
  {
    "name": "Require(23) node_modules/egg-security/app/extend/application.js",
    "start": 1543322284638,
    "end": 1543322284638,
    "duration": 0,
    "pid": 29452,
    "index": 27
  },
  {
    "name": "Require(24) node_modules/egg-jsonp/app/extend/application.js",
    "start": 1543322284638,
    "end": 1543322284639,
    "duration": 1,
    "pid": 29452,
    "index": 28
  },
  {
    "name": "Require(25) node_modules/egg-logrotator/app/extend/application.js",
    "start": 1543322284639,
    "end": 1543322284640,
    "duration": 1,
    "pid": 29452,
    "index": 29
  },
  {
    "name": "Require(26) node_modules/egg-view/app/extend/application.js",
    "start": 1543322284640,
    "end": 1543322284641,
    "duration": 1,
    "pid": 29452,
    "index": 30
  },
  {
    "name": "Load extend/request.js",
    "start": 1543322284641,
    "end": 1543322284645,
    "duration": 4,
    "pid": 29452,
    "index": 31
  },
  {
    "name": "Require(27) node_modules/egg/app/extend/request.js",
    "start": 1543322284642,
    "end": 1543322284644,
    "duration": 2,
    "pid": 29452,
    "index": 32
  },
  {
    "name": "Load extend/response.js",
    "start": 1543322284645,
    "end": 1543322284647,
    "duration": 2,
    "pid": 29452,
    "index": 33
  },
  {
    "name": "Require(28) node_modules/egg/app/extend/response.js",
    "start": 1543322284646,
    "end": 1543322284646,
    "duration": 0,
    "pid": 29452,
    "index": 34
  },
  {
    "name": "Load extend/context.js",
    "start": 1543322284647,
    "end": 1543322284682,
    "duration": 35,
    "pid": 29452,
    "index": 35
  },
  {
    "name": "Require(29) node_modules/egg-security/app/extend/context.js",
    "start": 1543322284647,
    "end": 1543322284652,
    "duration": 5,
    "pid": 29452,
    "index": 36
  },
  {
    "name": "Require(30) node_modules/egg-jsonp/app/extend/context.js",
    "start": 1543322284653,
    "end": 1543322284653,
    "duration": 0,
    "pid": 29452,
    "index": 37
  },
  {
    "name": "Require(31) node_modules/egg-i18n/app/extend/context.js",
    "start": 1543322284653,
    "end": 1543322284653,
    "duration": 0,
    "pid": 29452,
    "index": 38
  },
  {
    "name": "Require(32) node_modules/egg-multipart/app/extend/context.js",
    "start": 1543322284654,
    "end": 1543322284680,
    "duration": 26,
    "pid": 29452,
    "index": 39
  },
  {
    "name": "Require(33) node_modules/egg-view/app/extend/context.js",
    "start": 1543322284680,
    "end": 1543322284680,
    "duration": 0,
    "pid": 29452,
    "index": 40
  },
  {
    "name": "Require(34) node_modules/egg/app/extend/context.js",
    "start": 1543322284680,
    "end": 1543322284681,
    "duration": 1,
    "pid": 29452,
    "index": 41
  },
  {
    "name": "Load extend/helper.js",
    "start": 1543322284682,
    "end": 1543322284692,
    "duration": 10,
    "pid": 29452,
    "index": 42
  },
  {
    "name": "Require(35) node_modules/egg-security/app/extend/helper.js",
    "start": 1543322284682,
    "end": 1543322284689,
    "duration": 7,
    "pid": 29452,
    "index": 43
  },
  {
    "name": "Require(36) node_modules/egg/app/extend/helper.js",
    "start": 1543322284689,
    "end": 1543322284690,
    "duration": 1,
    "pid": 29452,
    "index": 44
  },
  {
    "name": "Require(37) app/extend/helper.js",
    "start": 1543322284690,
    "end": 1543322284692,
    "duration": 2,
    "pid": 29452,
    "index": 45
  },
  {
    "name": "Load app.js",
    "start": 1543322284692,
    "end": 1543322284710,
    "duration": 18,
    "pid": 29452,
    "index": 46
  },
  {
    "name": "Require(38) node_modules/egg-session/app.js",
    "start": 1543322284692,
    "end": 1543322284692,
    "duration": 0,
    "pid": 29452,
    "index": 47
  },
  {
    "name": "Require(39) node_modules/egg-security/app.js",
    "start": 1543322284692,
    "end": 1543322284693,
    "duration": 1,
    "pid": 29452,
    "index": 48
  },
  {
    "name": "Require(40) node_modules/egg-onerror/app.js",
    "start": 1543322284693,
    "end": 1543322284697,
    "duration": 4,
    "pid": 29452,
    "index": 49
  },
  {
    "name": "Require(41) node_modules/egg-i18n/app.js",
    "start": 1543322284697,
    "end": 1543322284706,
    "duration": 9,
    "pid": 29452,
    "index": 50
  },
  {
    "name": "Require(42) node_modules/egg-watcher/app.js",
    "start": 1543322284706,
    "end": 1543322284707,
    "duration": 1,
    "pid": 29452,
    "index": 51
  },
  {
    "name": "Require(43) node_modules/egg-schedule/app.js",
    "start": 1543322284707,
    "end": 1543322284708,
    "duration": 1,
    "pid": 29452,
    "index": 52
  },
  {
    "name": "Require(44) node_modules/egg-multipart/app.js",
    "start": 1543322284708,
    "end": 1543322284709,
    "duration": 1,
    "pid": 29452,
    "index": 53
  },
  {
    "name": "Require(45) node_modules/egg-development/app.js",
    "start": 1543322284709,
    "end": 1543322284709,
    "duration": 0,
    "pid": 29452,
    "index": 54
  },
  {
    "name": "Require(46) node_modules/egg-logrotator/app.js",
    "start": 1543322284709,
    "end": 1543322284709,
    "duration": 0,
    "pid": 29452,
    "index": 55
  },
  {
    "name": "Require(47) node_modules/egg-static/app.js",
    "start": 1543322284709,
    "end": 1543322284710,
    "duration": 1,
    "pid": 29452,
    "index": 56
  },
  {
    "name": "Require(48) node_modules/egg-sequelize/app.js",
    "start": 1543322284710,
    "end": 1543322284710,
    "duration": 0,
    "pid": 29452,
    "index": 57
  },
  {
    "name": "Before Start in node_modules/egg-watcher/lib/init.js:15:14",
    "start": 1543322284724,
    "end": 1543322285040,
    "duration": 316,
    "pid": 29452,
    "index": 58
  },
  {
    "name": "Load \"Symbol(model)\" to Application",
    "start": 1543322284944,
    "end": 1543322284953,
    "duration": 9,
    "pid": 29452,
    "index": 59
  },
  {
    "name": "Before Start in node_modules/egg-sequelize/lib/loader.js:39:7",
    "start": 1543322284955,
    "end": 1543322285057,
    "duration": 102,
    "pid": 29452,
    "index": 60
  },
  {
    "name": "Load Service",
    "start": 1543322284956,
    "end": 1543322284959,
    "duration": 3,
    "pid": 29452,
    "index": 61
  },
  {
    "name": "Load \"service\" to Context",
    "start": 1543322284956,
    "end": 1543322284959,
    "duration": 3,
    "pid": 29452,
    "index": 62
  },
  {
    "name": "Load Middleware",
    "start": 1543322284959,
    "end": 1543322284997,
    "duration": 38,
    "pid": 29452,
    "index": 63
  },
  {
    "name": "Load \"middlewares\" to Application",
    "start": 1543322284959,
    "end": 1543322284991,
    "duration": 32,
    "pid": 29452,
    "index": 64
  },
  {
    "name": "Load Controller",
    "start": 1543322284997,
    "end": 1543322284998,
    "duration": 1,
    "pid": 29452,
    "index": 65
  },
  {
    "name": "Load \"controller\" to Application",
    "start": 1543322284997,
    "end": 1543322284998,
    "duration": 1,
    "pid": 29452,
    "index": 66
  },
  {
    "name": "Load Router",
    "start": 1543322284998,
    "end": 1543322285001,
    "duration": 3,
    "pid": 29452,
    "index": 67
  },
  {
    "name": "Require(49) app/router.js",
    "start": 1543322284999,
    "end": 1543322284999,
    "duration": 0,
    "pid": 29452,
    "index": 68
  },
  {
    "name": "Before Start in node_modules/egg-core/lib/egg.js:287:10",
    "start": 1543322284999,
    "end": 1543322285012,
    "duration": 13,
    "pid": 29452,
    "index": 69
  }
]