[
  {
    "name": "Application Start",
    "start": 1543322410718,
    "end": 1543322411163,
    "duration": 445,
    "pid": 29469,
    "index": 0
  },
  {
    "name": "Load Plugin",
    "start": 1543322410727,
    "end": 1543322410732,
    "duration": 5,
    "pid": 29469,
    "index": 1
  },
  {
    "name": "Load Config",
    "start": 1543322410732,
    "end": 1543322410743,
    "duration": 11,
    "pid": 29469,
    "index": 2
  },
  {
    "name": "Require(0) config/config.default.js",
    "start": 1543322410733,
    "end": 1543322410733,
    "duration": 0,
    "pid": 29469,
    "index": 3
  },
  {
    "name": "Require(1) config/config.local.js",
    "start": 1543322410734,
    "end": 1543322410734,
    "duration": 0,
    "pid": 29469,
    "index": 4
  },
  {
    "name": "Require(2) node_modules/egg-session/config/config.default.js",
    "start": 1543322410734,
    "end": 1543322410734,
    "duration": 0,
    "pid": 29469,
    "index": 5
  },
  {
    "name": "Require(3) node_modules/egg-security/config/config.default.js",
    "start": 1543322410735,
    "end": 1543322410736,
    "duration": 1,
    "pid": 29469,
    "index": 6
  },
  {
    "name": "Require(4) node_modules/egg-jsonp/config/config.default.js",
    "start": 1543322410737,
    "end": 1543322410737,
    "duration": 0,
    "pid": 29469,
    "index": 7
  },
  {
    "name": "Require(5) node_modules/egg-onerror/config/config.default.js",
    "start": 1543322410737,
    "end": 1543322410737,
    "duration": 0,
    "pid": 29469,
    "index": 8
  },
  {
    "name": "Require(6) node_modules/egg-i18n/config/config.default.js",
    "start": 1543322410737,
    "end": 1543322410737,
    "duration": 0,
    "pid": 29469,
    "index": 9
  },
  {
    "name": "Require(7) node_modules/egg-watcher/config/config.default.js",
    "start": 1543322410738,
    "end": 1543322410738,
    "duration": 0,
    "pid": 29469,
    "index": 10
  },
  {
    "name": "Require(8) node_modules/egg-schedule/config/config.default.js",
    "start": 1543322410738,
    "end": 1543322410738,
    "duration": 0,
    "pid": 29469,
    "index": 11
  },
  {
    "name": "Require(9) node_modules/egg-multipart/config/config.default.js",
    "start": 1543322410738,
    "end": 1543322410739,
    "duration": 1,
    "pid": 29469,
    "index": 12
  },
  {
    "name": "Require(10) node_modules/egg-development/config/config.default.js",
    "start": 1543322410739,
    "end": 1543322410739,
    "duration": 0,
    "pid": 29469,
    "index": 13
  },
  {
    "name": "Require(11) node_modules/egg-logrotator/config/config.default.js",
    "start": 1543322410739,
    "end": 1543322410739,
    "duration": 0,
    "pid": 29469,
    "index": 14
  },
  {
    "name": "Require(12) node_modules/egg-static/config/config.default.js",
    "start": 1543322410739,
    "end": 1543322410739,
    "duration": 0,
    "pid": 29469,
    "index": 15
  },
  {
    "name": "Require(13) node_modules/egg-view/config/config.default.js",
    "start": 1543322410740,
    "end": 1543322410740,
    "duration": 0,
    "pid": 29469,
    "index": 16
  },
  {
    "name": "Require(14) node_modules/egg-sequelize/config/config.default.js",
    "start": 1543322410740,
    "end": 1543322410740,
    "duration": 0,
    "pid": 29469,
    "index": 17
  },
  {
    "name": "Require(15) node_modules/egg/config/config.default.js",
    "start": 1543322410740,
    "end": 1543322410741,
    "duration": 1,
    "pid": 29469,
    "index": 18
  },
  {
    "name": "Require(16) config/config.default.js",
    "start": 1543322410741,
    "end": 1543322410741,
    "duration": 0,
    "pid": 29469,
    "index": 19
  },
  {
    "name": "Require(17) node_modules/egg-security/config/config.local.js",
    "start": 1543322410741,
    "end": 1543322410742,
    "duration": 1,
    "pid": 29469,
    "index": 20
  },
  {
    "name": "Require(18) node_modules/egg-watcher/config/config.local.js",
    "start": 1543322410742,
    "end": 1543322410742,
    "duration": 0,
    "pid": 29469,
    "index": 21
  },
  {
    "name": "Require(19) node_modules/egg-view/config/config.local.js",
    "start": 1543322410742,
    "end": 1543322410743,
    "duration": 1,
    "pid": 29469,
    "index": 22
  },
  {
    "name": "Require(20) node_modules/egg/config/config.local.js",
    "start": 1543322410743,
    "end": 1543322410743,
    "duration": 0,
    "pid": 29469,
    "index": 23
  },
  {
    "name": "Require(21) config/config.local.js",
    "start": 1543322410743,
    "end": 1543322410743,
    "duration": 0,
    "pid": 29469,
    "index": 24
  },
  {
    "name": "Load extend/application.js",
    "start": 1543322410744,
    "end": 1543322410747,
    "duration": 3,
    "pid": 29469,
    "index": 25
  },
  {
    "name": "Require(22) node_modules/egg-session/app/extend/application.js",
    "start": 1543322410744,
    "end": 1543322410745,
    "duration": 1,
    "pid": 29469,
    "index": 26
  },
  {
    "name": "Require(23) node_modules/egg-security/app/extend/application.js",
    "start": 1543322410745,
    "end": 1543322410745,
    "duration": 0,
    "pid": 29469,
    "index": 27
  },
  {
    "name": "Require(24) node_modules/egg-jsonp/app/extend/application.js",
    "start": 1543322410745,
    "end": 1543322410746,
    "duration": 1,
    "pid": 29469,
    "index": 28
  },
  {
    "name": "Require(25) node_modules/egg-logrotator/app/extend/application.js",
    "start": 1543322410746,
    "end": 1543322410746,
    "duration": 0,
    "pid": 29469,
    "index": 29
  },
  {
    "name": "Require(26) node_modules/egg-view/app/extend/application.js",
    "start": 1543322410747,
    "end": 1543322410747,
    "duration": 0,
    "pid": 29469,
    "index": 30
  },
  {
    "name": "Load extend/request.js",
    "start": 1543322410747,
    "end": 1543322410749,
    "duration": 2,
    "pid": 29469,
    "index": 31
  },
  {
    "name": "Require(27) node_modules/egg/app/extend/request.js",
    "start": 1543322410748,
    "end": 1543322410748,
    "duration": 0,
    "pid": 29469,
    "index": 32
  },
  {
    "name": "Load extend/response.js",
    "start": 1543322410749,
    "end": 1543322410751,
    "duration": 2,
    "pid": 29469,
    "index": 33
  },
  {
    "name": "Require(28) node_modules/egg/app/extend/response.js",
    "start": 1543322410750,
    "end": 1543322410750,
    "duration": 0,
    "pid": 29469,
    "index": 34
  },
  {
    "name": "Load extend/context.js",
    "start": 1543322410751,
    "end": 1543322410789,
    "duration": 38,
    "pid": 29469,
    "index": 35
  },
  {
    "name": "Require(29) node_modules/egg-security/app/extend/context.js",
    "start": 1543322410751,
    "end": 1543322410758,
    "duration": 7,
    "pid": 29469,
    "index": 36
  },
  {
    "name": "Require(30) node_modules/egg-jsonp/app/extend/context.js",
    "start": 1543322410759,
    "end": 1543322410760,
    "duration": 1,
    "pid": 29469,
    "index": 37
  },
  {
    "name": "Require(31) node_modules/egg-i18n/app/extend/context.js",
    "start": 1543322410760,
    "end": 1543322410760,
    "duration": 0,
    "pid": 29469,
    "index": 38
  },
  {
    "name": "Require(32) node_modules/egg-multipart/app/extend/context.js",
    "start": 1543322410760,
    "end": 1543322410786,
    "duration": 26,
    "pid": 29469,
    "index": 39
  },
  {
    "name": "Require(33) node_modules/egg-view/app/extend/context.js",
    "start": 1543322410786,
    "end": 1543322410788,
    "duration": 2,
    "pid": 29469,
    "index": 40
  },
  {
    "name": "Require(34) node_modules/egg/app/extend/context.js",
    "start": 1543322410788,
    "end": 1543322410788,
    "duration": 0,
    "pid": 29469,
    "index": 41
  },
  {
    "name": "Load extend/helper.js",
    "start": 1543322410789,
    "end": 1543322410800,
    "duration": 11,
    "pid": 29469,
    "index": 42
  },
  {
    "name": "Require(35) node_modules/egg-security/app/extend/helper.js",
    "start": 1543322410789,
    "end": 1543322410797,
    "duration": 8,
    "pid": 29469,
    "index": 43
  },
  {
    "name": "Require(36) node_modules/egg/app/extend/helper.js",
    "start": 1543322410797,
    "end": 1543322410797,
    "duration": 0,
    "pid": 29469,
    "index": 44
  },
  {
    "name": "Require(37) app/extend/helper.js",
    "start": 1543322410797,
    "end": 1543322410799,
    "duration": 2,
    "pid": 29469,
    "index": 45
  },
  {
    "name": "Load app.js",
    "start": 1543322410800,
    "end": 1543322410817,
    "duration": 17,
    "pid": 29469,
    "index": 46
  },
  {
    "name": "Require(38) node_modules/egg-session/app.js",
    "start": 1543322410800,
    "end": 1543322410800,
    "duration": 0,
    "pid": 29469,
    "index": 47
  },
  {
    "name": "Require(39) node_modules/egg-security/app.js",
    "start": 1543322410800,
    "end": 1543322410801,
    "duration": 1,
    "pid": 29469,
    "index": 48
  },
  {
    "name": "Require(40) node_modules/egg-onerror/app.js",
    "start": 1543322410801,
    "end": 1543322410805,
    "duration": 4,
    "pid": 29469,
    "index": 49
  },
  {
    "name": "Require(41) node_modules/egg-i18n/app.js",
    "start": 1543322410805,
    "end": 1543322410812,
    "duration": 7,
    "pid": 29469,
    "index": 50
  },
  {
    "name": "Require(42) node_modules/egg-watcher/app.js",
    "start": 1543322410812,
    "end": 1543322410813,
    "duration": 1,
    "pid": 29469,
    "index": 51
  },
  {
    "name": "Require(43) node_modules/egg-schedule/app.js",
    "start": 1543322410813,
    "end": 1543322410814,
    "duration": 1,
    "pid": 29469,
    "index": 52
  },
  {
    "name": "Require(44) node_modules/egg-multipart/app.js",
    "start": 1543322410814,
    "end": 1543322410815,
    "duration": 1,
    "pid": 29469,
    "index": 53
  },
  {
    "name": "Require(45) node_modules/egg-development/app.js",
    "start": 1543322410815,
    "end": 1543322410815,
    "duration": 0,
    "pid": 29469,
    "index": 54
  },
  {
    "name": "Require(46) node_modules/egg-logrotator/app.js",
    "start": 1543322410816,
    "end": 1543322410816,
    "duration": 0,
    "pid": 29469,
    "index": 55
  },
  {
    "name": "Require(47) node_modules/egg-static/app.js",
    "start": 1543322410816,
    "end": 1543322410816,
    "duration": 0,
    "pid": 29469,
    "index": 56
  },
  {
    "name": "Require(48) node_modules/egg-sequelize/app.js",
    "start": 1543322410816,
    "end": 1543322410816,
    "duration": 0,
    "pid": 29469,
    "index": 57
  },
  {
    "name": "Before Start in node_modules/egg-watcher/lib/init.js:15:14",
    "start": 1543322410829,
    "end": 1543322411147,
    "duration": 318,
    "pid": 29469,
    "index": 58
  },
  {
    "name": "Load \"Symbol(model)\" to Application",
    "start": 1543322411048,
    "end": 1543322411060,
    "duration": 12,
    "pid": 29469,
    "index": 59
  },
  {
    "name": "Before Start in node_modules/egg-sequelize/lib/loader.js:39:7",
    "start": 1543322411062,
    "end": 1543322411162,
    "duration": 100,
    "pid": 29469,
    "index": 60
  },
  {
    "name": "Load Service",
    "start": 1543322411062,
    "end": 1543322411065,
    "duration": 3,
    "pid": 29469,
    "index": 61
  },
  {
    "name": "Load \"service\" to Context",
    "start": 1543322411062,
    "end": 1543322411065,
    "duration": 3,
    "pid": 29469,
    "index": 62
  },
  {
    "name": "Load Middleware",
    "start": 1543322411065,
    "end": 1543322411104,
    "duration": 39,
    "pid": 29469,
    "index": 63
  },
  {
    "name": "Load \"middlewares\" to Application",
    "start": 1543322411065,
    "end": 1543322411098,
    "duration": 33,
    "pid": 29469,
    "index": 64
  },
  {
    "name": "Load Controller",
    "start": 1543322411104,
    "end": 1543322411106,
    "duration": 2,
    "pid": 29469,
    "index": 65
  },
  {
    "name": "Load \"controller\" to Application",
    "start": 1543322411104,
    "end": 1543322411106,
    "duration": 2,
    "pid": 29469,
    "index": 66
  },
  {
    "name": "Load Router",
    "start": 1543322411106,
    "end": 1543322411109,
    "duration": 3,
    "pid": 29469,
    "index": 67
  },
  {
    "name": "Require(49) app/router.js",
    "start": 1543322411106,
    "end": 1543322411106,
    "duration": 0,
    "pid": 29469,
    "index": 68
  },
  {
    "name": "Before Start in node_modules/egg-core/lib/egg.js:287:10",
    "start": 1543322411107,
    "end": 1543322411120,
    "duration": 13,
    "pid": 29469,
    "index": 69
  }
]