[
  {
    "name": "Application Start",
    "start": 1543322346383,
    "end": 1543322346831,
    "duration": 448,
    "pid": 29462,
    "index": 0
  },
  {
    "name": "Load Plugin",
    "start": 1543322346387,
    "end": 1543322346395,
    "duration": 8,
    "pid": 29462,
    "index": 1
  },
  {
    "name": "Load Config",
    "start": 1543322346395,
    "end": 1543322346405,
    "duration": 10,
    "pid": 29462,
    "index": 2
  },
  {
    "name": "Require(0) config/config.default.js",
    "start": 1543322346396,
    "end": 1543322346396,
    "duration": 0,
    "pid": 29462,
    "index": 3
  },
  {
    "name": "Require(1) config/config.local.js",
    "start": 1543322346396,
    "end": 1543322346397,
    "duration": 1,
    "pid": 29462,
    "index": 4
  },
  {
    "name": "Require(2) node_modules/egg-session/config/config.default.js",
    "start": 1543322346397,
    "end": 1543322346397,
    "duration": 0,
    "pid": 29462,
    "index": 5
  },
  {
    "name": "Require(3) node_modules/egg-security/config/config.default.js",
    "start": 1543322346397,
    "end": 1543322346399,
    "duration": 2,
    "pid": 29462,
    "index": 6
  },
  {
    "name": "Require(4) node_modules/egg-jsonp/config/config.default.js",
    "start": 1543322346399,
    "end": 1543322346399,
    "duration": 0,
    "pid": 29462,
    "index": 7
  },
  {
    "name": "Require(5) node_modules/egg-onerror/config/config.default.js",
    "start": 1543322346400,
    "end": 1543322346400,
    "duration": 0,
    "pid": 29462,
    "index": 8
  },
  {
    "name": "Require(6) node_modules/egg-i18n/config/config.default.js",
    "start": 1543322346400,
    "end": 1543322346400,
    "duration": 0,
    "pid": 29462,
    "index": 9
  },
  {
    "name": "Require(7) node_modules/egg-watcher/config/config.default.js",
    "start": 1543322346400,
    "end": 1543322346401,
    "duration": 1,
    "pid": 29462,
    "index": 10
  },
  {
    "name": "Require(8) node_modules/egg-schedule/config/config.default.js",
    "start": 1543322346401,
    "end": 1543322346401,
    "duration": 0,
    "pid": 29462,
    "index": 11
  },
  {
    "name": "Require(9) node_modules/egg-multipart/config/config.default.js",
    "start": 1543322346401,
    "end": 1543322346401,
    "duration": 0,
    "pid": 29462,
    "index": 12
  },
  {
    "name": "Require(10) node_modules/egg-development/config/config.default.js",
    "start": 1543322346401,
    "end": 1543322346402,
    "duration": 1,
    "pid": 29462,
    "index": 13
  },
  {
    "name": "Require(11) node_modules/egg-logrotator/config/config.default.js",
    "start": 1543322346402,
    "end": 1543322346402,
    "duration": 0,
    "pid": 29462,
    "index": 14
  },
  {
    "name": "Require(12) node_modules/egg-static/config/config.default.js",
    "start": 1543322346402,
    "end": 1543322346402,
    "duration": 0,
    "pid": 29462,
    "index": 15
  },
  {
    "name": "Require(13) node_modules/egg-view/config/config.default.js",
    "start": 1543322346402,
    "end": 1543322346402,
    "duration": 0,
    "pid": 29462,
    "index": 16
  },
  {
    "name": "Require(14) node_modules/egg-sequelize/config/config.default.js",
    "start": 1543322346403,
    "end": 1543322346403,
    "duration": 0,
    "pid": 29462,
    "index": 17
  },
  {
    "name": "Require(15) node_modules/egg/config/config.default.js",
    "start": 1543322346403,
    "end": 1543322346403,
    "duration": 0,
    "pid": 29462,
    "index": 18
  },
  {
    "name": "Require(16) config/config.default.js",
    "start": 1543322346404,
    "end": 1543322346404,
    "duration": 0,
    "pid": 29462,
    "index": 19
  },
  {
    "name": "Require(17) node_modules/egg-security/config/config.local.js",
    "start": 1543322346404,
    "end": 1543322346404,
    "duration": 0,
    "pid": 29462,
    "index": 20
  },
  {
    "name": "Require(18) node_modules/egg-watcher/config/config.local.js",
    "start": 1543322346404,
    "end": 1543322346405,
    "duration": 1,
    "pid": 29462,
    "index": 21
  },
  {
    "name": "Require(19) node_modules/egg-view/config/config.local.js",
    "start": 1543322346405,
    "end": 1543322346405,
    "duration": 0,
    "pid": 29462,
    "index": 22
  },
  {
    "name": "Require(20) node_modules/egg/config/config.local.js",
    "start": 1543322346405,
    "end": 1543322346405,
    "duration": 0,
    "pid": 29462,
    "index": 23
  },
  {
    "name": "Require(21) config/config.local.js",
    "start": 1543322346405,
    "end": 1543322346405,
    "duration": 0,
    "pid": 29462,
    "index": 24
  },
  {
    "name": "Load extend/application.js",
    "start": 1543322346406,
    "end": 1543322346410,
    "duration": 4,
    "pid": 29462,
    "index": 25
  },
  {
    "name": "Require(22) node_modules/egg-session/app/extend/application.js",
    "start": 1543322346407,
    "end": 1543322346407,
    "duration": 0,
    "pid": 29462,
    "index": 26
  },
  {
    "name": "Require(23) node_modules/egg-security/app/extend/application.js",
    "start": 1543322346407,
    "end": 1543322346407,
    "duration": 0,
    "pid": 29462,
    "index": 27
  },
  {
    "name": "Require(24) node_modules/egg-jsonp/app/extend/application.js",
    "start": 1543322346407,
    "end": 1543322346408,
    "duration": 1,
    "pid": 29462,
    "index": 28
  },
  {
    "name": "Require(25) node_modules/egg-logrotator/app/extend/application.js",
    "start": 1543322346408,
    "end": 1543322346409,
    "duration": 1,
    "pid": 29462,
    "index": 29
  },
  {
    "name": "Require(26) node_modules/egg-view/app/extend/application.js",
    "start": 1543322346409,
    "end": 1543322346409,
    "duration": 0,
    "pid": 29462,
    "index": 30
  },
  {
    "name": "Load extend/request.js",
    "start": 1543322346410,
    "end": 1543322346411,
    "duration": 1,
    "pid": 29462,
    "index": 31
  },
  {
    "name": "Require(27) node_modules/egg/app/extend/request.js",
    "start": 1543322346410,
    "end": 1543322346411,
    "duration": 1,
    "pid": 29462,
    "index": 32
  },
  {
    "name": "Load extend/response.js",
    "start": 1543322346411,
    "end": 1543322346413,
    "duration": 2,
    "pid": 29462,
    "index": 33
  },
  {
    "name": "Require(28) node_modules/egg/app/extend/response.js",
    "start": 1543322346412,
    "end": 1543322346412,
    "duration": 0,
    "pid": 29462,
    "index": 34
  },
  {
    "name": "Load extend/context.js",
    "start": 1543322346413,
    "end": 1543322346446,
    "duration": 33,
    "pid": 29462,
    "index": 35
  },
  {
    "name": "Require(29) node_modules/egg-security/app/extend/context.js",
    "start": 1543322346413,
    "end": 1543322346418,
    "duration": 5,
    "pid": 29462,
    "index": 36
  },
  {
    "name": "Require(30) node_modules/egg-jsonp/app/extend/context.js",
    "start": 1543322346418,
    "end": 1543322346419,
    "duration": 1,
    "pid": 29462,
    "index": 37
  },
  {
    "name": "Require(31) node_modules/egg-i18n/app/extend/context.js",
    "start": 1543322346419,
    "end": 1543322346419,
    "duration": 0,
    "pid": 29462,
    "index": 38
  },
  {
    "name": "Require(32) node_modules/egg-multipart/app/extend/context.js",
    "start": 1543322346419,
    "end": 1543322346444,
    "duration": 25,
    "pid": 29462,
    "index": 39
  },
  {
    "name": "Require(33) node_modules/egg-view/app/extend/context.js",
    "start": 1543322346444,
    "end": 1543322346445,
    "duration": 1,
    "pid": 29462,
    "index": 40
  },
  {
    "name": "Require(34) node_modules/egg/app/extend/context.js",
    "start": 1543322346445,
    "end": 1543322346445,
    "duration": 0,
    "pid": 29462,
    "index": 41
  },
  {
    "name": "Load extend/helper.js",
    "start": 1543322346446,
    "end": 1543322346456,
    "duration": 10,
    "pid": 29462,
    "index": 42
  },
  {
    "name": "Require(35) node_modules/egg-security/app/extend/helper.js",
    "start": 1543322346446,
    "end": 1543322346453,
    "duration": 7,
    "pid": 29462,
    "index": 43
  },
  {
    "name": "Require(36) node_modules/egg/app/extend/helper.js",
    "start": 1543322346453,
    "end": 1543322346454,
    "duration": 1,
    "pid": 29462,
    "index": 44
  },
  {
    "name": "Require(37) app/extend/helper.js",
    "start": 1543322346454,
    "end": 1543322346455,
    "duration": 1,
    "pid": 29462,
    "index": 45
  },
  {
    "name": "Load app.js",
    "start": 1543322346456,
    "end": 1543322346473,
    "duration": 17,
    "pid": 29462,
    "index": 46
  },
  {
    "name": "Require(38) node_modules/egg-session/app.js",
    "start": 1543322346456,
    "end": 1543322346456,
    "duration": 0,
    "pid": 29462,
    "index": 47
  },
  {
    "name": "Require(39) node_modules/egg-security/app.js",
    "start": 1543322346456,
    "end": 1543322346457,
    "duration": 1,
    "pid": 29462,
    "index": 48
  },
  {
    "name": "Require(40) node_modules/egg-onerror/app.js",
    "start": 1543322346457,
    "end": 1543322346463,
    "duration": 6,
    "pid": 29462,
    "index": 49
  },
  {
    "name": "Require(41) node_modules/egg-i18n/app.js",
    "start": 1543322346463,
    "end": 1543322346469,
    "duration": 6,
    "pid": 29462,
    "index": 50
  },
  {
    "name": "Require(42) node_modules/egg-watcher/app.js",
    "start": 1543322346469,
    "end": 1543322346470,
    "duration": 1,
    "pid": 29462,
    "index": 51
  },
  {
    "name": "Require(43) node_modules/egg-schedule/app.js",
    "start": 1543322346470,
    "end": 1543322346471,
    "duration": 1,
    "pid": 29462,
    "index": 52
  },
  {
    "name": "Require(44) node_modules/egg-multipart/app.js",
    "start": 1543322346471,
    "end": 1543322346472,
    "duration": 1,
    "pid": 29462,
    "index": 53
  },
  {
    "name": "Require(45) node_modules/egg-development/app.js",
    "start": 1543322346472,
    "end": 1543322346472,
    "duration": 0,
    "pid": 29462,
    "index": 54
  },
  {
    "name": "Require(46) node_modules/egg-logrotator/app.js",
    "start": 1543322346472,
    "end": 1543322346472,
    "duration": 0,
    "pid": 29462,
    "index": 55
  },
  {
    "name": "Require(47) node_modules/egg-static/app.js",
    "start": 1543322346472,
    "end": 1543322346473,
    "duration": 1,
    "pid": 29462,
    "index": 56
  },
  {
    "name": "Require(48) node_modules/egg-sequelize/app.js",
    "start": 1543322346473,
    "end": 1543322346473,
    "duration": 0,
    "pid": 29462,
    "index": 57
  },
  {
    "name": "Before Start in node_modules/egg-watcher/lib/init.js:15:14",
    "start": 1543322346484,
    "end": 1543322346814,
    "duration": 330,
    "pid": 29462,
    "index": 58
  },
  {
    "name": "Load \"Symbol(model)\" to Application",
    "start": 1543322346701,
    "end": 1543322346710,
    "duration": 9,
    "pid": 29462,
    "index": 59
  },
  {
    "name": "Before Start in node_modules/egg-sequelize/lib/loader.js:39:7",
    "start": 1543322346712,
    "end": 1543322346830,
    "duration": 118,
    "pid": 29462,
    "index": 60
  },
  {
    "name": "Load Service",
    "start": 1543322346712,
    "end": 1543322346716,
    "duration": 4,
    "pid": 29462,
    "index": 61
  },
  {
    "name": "Load \"service\" to Context",
    "start": 1543322346713,
    "end": 1543322346716,
    "duration": 3,
    "pid": 29462,
    "index": 62
  },
  {
    "name": "Load Middleware",
    "start": 1543322346716,
    "end": 1543322346764,
    "duration": 48,
    "pid": 29462,
    "index": 63
  },
  {
    "name": "Load \"middlewares\" to Application",
    "start": 1543322346717,
    "end": 1543322346756,
    "duration": 39,
    "pid": 29462,
    "index": 64
  },
  {
    "name": "Load Controller",
    "start": 1543322346764,
    "end": 1543322346768,
    "duration": 4,
    "pid": 29462,
    "index": 65
  },
  {
    "name": "Load \"controller\" to Application",
    "start": 1543322346764,
    "end": 1543322346768,
    "duration": 4,
    "pid": 29462,
    "index": 66
  },
  {
    "name": "Load Router",
    "start": 1543322346768,
    "end": 1543322346774,
    "duration": 6,
    "pid": 29462,
    "index": 67
  },
  {
    "name": "Require(49) app/router.js",
    "start": 1543322346768,
    "end": 1543322346768,
    "duration": 0,
    "pid": 29462,
    "index": 68
  },
  {
    "name": "Before Start in node_modules/egg-core/lib/egg.js:287:10",
    "start": 1543322346769,
    "end": 1543322346788,
    "duration": 19,
    "pid": 29462,
    "index": 69
  }
]