[
  {
    "name": "Application Start",
    "start": 1543322180736,
    "end": 1543322181177,
    "duration": 441,
    "pid": 29438,
    "index": 0
  },
  {
    "name": "Load Plugin",
    "start": 1543322180740,
    "end": 1543322180745,
    "duration": 5,
    "pid": 29438,
    "index": 1
  },
  {
    "name": "Load Config",
    "start": 1543322180745,
    "end": 1543322180757,
    "duration": 12,
    "pid": 29438,
    "index": 2
  },
  {
    "name": "Require(0) config/config.default.js",
    "start": 1543322180746,
    "end": 1543322180746,
    "duration": 0,
    "pid": 29438,
    "index": 3
  },
  {
    "name": "Require(1) config/config.local.js",
    "start": 1543322180747,
    "end": 1543322180747,
    "duration": 0,
    "pid": 29438,
    "index": 4
  },
  {
    "name": "Require(2) node_modules/egg-session/config/config.default.js",
    "start": 1543322180747,
    "end": 1543322180747,
    "duration": 0,
    "pid": 29438,
    "index": 5
  },
  {
    "name": "Require(3) node_modules/egg-security/config/config.default.js",
    "start": 1543322180747,
    "end": 1543322180748,
    "duration": 1,
    "pid": 29438,
    "index": 6
  },
  {
    "name": "Require(4) node_modules/egg-jsonp/config/config.default.js",
    "start": 1543322180749,
    "end": 1543322180751,
    "duration": 2,
    "pid": 29438,
    "index": 7
  },
  {
    "name": "Require(5) node_modules/egg-onerror/config/config.default.js",
    "start": 1543322180751,
    "end": 1543322180751,
    "duration": 0,
    "pid": 29438,
    "index": 8
  },
  {
    "name": "Require(6) node_modules/egg-i18n/config/config.default.js",
    "start": 1543322180751,
    "end": 1543322180751,
    "duration": 0,
    "pid": 29438,
    "index": 9
  },
  {
    "name": "Require(7) node_modules/egg-watcher/config/config.default.js",
    "start": 1543322180752,
    "end": 1543322180752,
    "duration": 0,
    "pid": 29438,
    "index": 10
  },
  {
    "name": "Require(8) node_modules/egg-schedule/config/config.default.js",
    "start": 1543322180752,
    "end": 1543322180752,
    "duration": 0,
    "pid": 29438,
    "index": 11
  },
  {
    "name": "Require(9) node_modules/egg-multipart/config/config.default.js",
    "start": 1543322180752,
    "end": 1543322180752,
    "duration": 0,
    "pid": 29438,
    "index": 12
  },
  {
    "name": "Require(10) node_modules/egg-development/config/config.default.js",
    "start": 1543322180753,
    "end": 1543322180753,
    "duration": 0,
    "pid": 29438,
    "index": 13
  },
  {
    "name": "Require(11) node_modules/egg-logrotator/config/config.default.js",
    "start": 1543322180753,
    "end": 1543322180753,
    "duration": 0,
    "pid": 29438,
    "index": 14
  },
  {
    "name": "Require(12) node_modules/egg-static/config/config.default.js",
    "start": 1543322180753,
    "end": 1543322180753,
    "duration": 0,
    "pid": 29438,
    "index": 15
  },
  {
    "name": "Require(13) node_modules/egg-view/config/config.default.js",
    "start": 1543322180754,
    "end": 1543322180754,
    "duration": 0,
    "pid": 29438,
    "index": 16
  },
  {
    "name": "Require(14) node_modules/egg-sequelize/config/config.default.js",
    "start": 1543322180754,
    "end": 1543322180754,
    "duration": 0,
    "pid": 29438,
    "index": 17
  },
  {
    "name": "Require(15) node_modules/egg/config/config.default.js",
    "start": 1543322180754,
    "end": 1543322180755,
    "duration": 1,
    "pid": 29438,
    "index": 18
  },
  {
    "name": "Require(16) config/config.default.js",
    "start": 1543322180756,
    "end": 1543322180756,
    "duration": 0,
    "pid": 29438,
    "index": 19
  },
  {
    "name": "Require(17) node_modules/egg-security/config/config.local.js",
    "start": 1543322180756,
    "end": 1543322180756,
    "duration": 0,
    "pid": 29438,
    "index": 20
  },
  {
    "name": "Require(18) node_modules/egg-watcher/config/config.local.js",
    "start": 1543322180756,
    "end": 1543322180756,
    "duration": 0,
    "pid": 29438,
    "index": 21
  },
  {
    "name": "Require(19) node_modules/egg-view/config/config.local.js",
    "start": 1543322180757,
    "end": 1543322180757,
    "duration": 0,
    "pid": 29438,
    "index": 22
  },
  {
    "name": "Require(20) node_modules/egg/config/config.local.js",
    "start": 1543322180757,
    "end": 1543322180757,
    "duration": 0,
    "pid": 29438,
    "index": 23
  },
  {
    "name": "Require(21) config/config.local.js",
    "start": 1543322180757,
    "end": 1543322180757,
    "duration": 0,
    "pid": 29438,
    "index": 24
  },
  {
    "name": "Load extend/application.js",
    "start": 1543322180758,
    "end": 1543322180762,
    "duration": 4,
    "pid": 29438,
    "index": 25
  },
  {
    "name": "Require(22) node_modules/egg-session/app/extend/application.js",
    "start": 1543322180759,
    "end": 1543322180759,
    "duration": 0,
    "pid": 29438,
    "index": 26
  },
  {
    "name": "Require(23) node_modules/egg-security/app/extend/application.js",
    "start": 1543322180759,
    "end": 1543322180759,
    "duration": 0,
    "pid": 29438,
    "index": 27
  },
  {
    "name": "Require(24) node_modules/egg-jsonp/app/extend/application.js",
    "start": 1543322180759,
    "end": 1543322180760,
    "duration": 1,
    "pid": 29438,
    "index": 28
  },
  {
    "name": "Require(25) node_modules/egg-logrotator/app/extend/application.js",
    "start": 1543322180760,
    "end": 1543322180761,
    "duration": 1,
    "pid": 29438,
    "index": 29
  },
  {
    "name": "Require(26) node_modules/egg-view/app/extend/application.js",
    "start": 1543322180761,
    "end": 1543322180762,
    "duration": 1,
    "pid": 29438,
    "index": 30
  },
  {
    "name": "Load extend/request.js",
    "start": 1543322180762,
    "end": 1543322180767,
    "duration": 5,
    "pid": 29438,
    "index": 31
  },
  {
    "name": "Require(27) node_modules/egg/app/extend/request.js",
    "start": 1543322180763,
    "end": 1543322180766,
    "duration": 3,
    "pid": 29438,
    "index": 32
  },
  {
    "name": "Load extend/response.js",
    "start": 1543322180767,
    "end": 1543322180769,
    "duration": 2,
    "pid": 29438,
    "index": 33
  },
  {
    "name": "Require(28) node_modules/egg/app/extend/response.js",
    "start": 1543322180768,
    "end": 1543322180769,
    "duration": 1,
    "pid": 29438,
    "index": 34
  },
  {
    "name": "Load extend/context.js",
    "start": 1543322180769,
    "end": 1543322180807,
    "duration": 38,
    "pid": 29438,
    "index": 35
  },
  {
    "name": "Require(29) node_modules/egg-security/app/extend/context.js",
    "start": 1543322180770,
    "end": 1543322180775,
    "duration": 5,
    "pid": 29438,
    "index": 36
  },
  {
    "name": "Require(30) node_modules/egg-jsonp/app/extend/context.js",
    "start": 1543322180775,
    "end": 1543322180776,
    "duration": 1,
    "pid": 29438,
    "index": 37
  },
  {
    "name": "Require(31) node_modules/egg-i18n/app/extend/context.js",
    "start": 1543322180776,
    "end": 1543322180776,
    "duration": 0,
    "pid": 29438,
    "index": 38
  },
  {
    "name": "Require(32) node_modules/egg-multipart/app/extend/context.js",
    "start": 1543322180776,
    "end": 1543322180805,
    "duration": 29,
    "pid": 29438,
    "index": 39
  },
  {
    "name": "Require(33) node_modules/egg-view/app/extend/context.js",
    "start": 1543322180805,
    "end": 1543322180806,
    "duration": 1,
    "pid": 29438,
    "index": 40
  },
  {
    "name": "Require(34) node_modules/egg/app/extend/context.js",
    "start": 1543322180806,
    "end": 1543322180807,
    "duration": 1,
    "pid": 29438,
    "index": 41
  },
  {
    "name": "Load extend/helper.js",
    "start": 1543322180807,
    "end": 1543322180819,
    "duration": 12,
    "pid": 29438,
    "index": 42
  },
  {
    "name": "Require(35) node_modules/egg-security/app/extend/helper.js",
    "start": 1543322180807,
    "end": 1543322180816,
    "duration": 9,
    "pid": 29438,
    "index": 43
  },
  {
    "name": "Require(36) node_modules/egg/app/extend/helper.js",
    "start": 1543322180816,
    "end": 1543322180816,
    "duration": 0,
    "pid": 29438,
    "index": 44
  },
  {
    "name": "Require(37) app/extend/helper.js",
    "start": 1543322180817,
    "end": 1543322180818,
    "duration": 1,
    "pid": 29438,
    "index": 45
  },
  {
    "name": "Load app.js",
    "start": 1543322180819,
    "end": 1543322180835,
    "duration": 16,
    "pid": 29438,
    "index": 46
  },
  {
    "name": "Require(38) node_modules/egg-session/app.js",
    "start": 1543322180819,
    "end": 1543322180819,
    "duration": 0,
    "pid": 29438,
    "index": 47
  },
  {
    "name": "Require(39) node_modules/egg-security/app.js",
    "start": 1543322180819,
    "end": 1543322180820,
    "duration": 1,
    "pid": 29438,
    "index": 48
  },
  {
    "name": "Require(40) node_modules/egg-onerror/app.js",
    "start": 1543322180820,
    "end": 1543322180824,
    "duration": 4,
    "pid": 29438,
    "index": 49
  },
  {
    "name": "Require(41) node_modules/egg-i18n/app.js",
    "start": 1543322180824,
    "end": 1543322180831,
    "duration": 7,
    "pid": 29438,
    "index": 50
  },
  {
    "name": "Require(42) node_modules/egg-watcher/app.js",
    "start": 1543322180831,
    "end": 1543322180832,
    "duration": 1,
    "pid": 29438,
    "index": 51
  },
  {
    "name": "Require(43) node_modules/egg-schedule/app.js",
    "start": 1543322180832,
    "end": 1543322180833,
    "duration": 1,
    "pid": 29438,
    "index": 52
  },
  {
    "name": "Require(44) node_modules/egg-multipart/app.js",
    "start": 1543322180833,
    "end": 1543322180834,
    "duration": 1,
    "pid": 29438,
    "index": 53
  },
  {
    "name": "Require(45) node_modules/egg-development/app.js",
    "start": 1543322180834,
    "end": 1543322180834,
    "duration": 0,
    "pid": 29438,
    "index": 54
  },
  {
    "name": "Require(46) node_modules/egg-logrotator/app.js",
    "start": 1543322180834,
    "end": 1543322180834,
    "duration": 0,
    "pid": 29438,
    "index": 55
  },
  {
    "name": "Require(47) node_modules/egg-static/app.js",
    "start": 1543322180835,
    "end": 1543322180835,
    "duration": 0,
    "pid": 29438,
    "index": 56
  },
  {
    "name": "Require(48) node_modules/egg-sequelize/app.js",
    "start": 1543322180835,
    "end": 1543322180835,
    "duration": 0,
    "pid": 29438,
    "index": 57
  },
  {
    "name": "Before Start in node_modules/egg-watcher/lib/init.js:15:14",
    "start": 1543322180845,
    "end": 1543322181160,
    "duration": 315,
    "pid": 29438,
    "index": 58
  },
  {
    "name": "Load \"Symbol(model)\" to Application",
    "start": 1543322181059,
    "end": 1543322181070,
    "duration": 11,
    "pid": 29438,
    "index": 59
  },
  {
    "name": "Before Start in node_modules/egg-sequelize/lib/loader.js:39:7",
    "start": 1543322181072,
    "end": 1543322181177,
    "duration": 105,
    "pid": 29438,
    "index": 60
  },
  {
    "name": "Load Service",
    "start": 1543322181072,
    "end": 1543322181076,
    "duration": 4,
    "pid": 29438,
    "index": 61
  },
  {
    "name": "Load \"service\" to Context",
    "start": 1543322181072,
    "end": 1543322181076,
    "duration": 4,
    "pid": 29438,
    "index": 62
  },
  {
    "name": "Load Middleware",
    "start": 1543322181076,
    "end": 1543322181115,
    "duration": 39,
    "pid": 29438,
    "index": 63
  },
  {
    "name": "Load \"middlewares\" to Application",
    "start": 1543322181076,
    "end": 1543322181109,
    "duration": 33,
    "pid": 29438,
    "index": 64
  },
  {
    "name": "Load Controller",
    "start": 1543322181115,
    "end": 1543322181117,
    "duration": 2,
    "pid": 29438,
    "index": 65
  },
  {
    "name": "Load \"controller\" to Application",
    "start": 1543322181115,
    "end": 1543322181117,
    "duration": 2,
    "pid": 29438,
    "index": 66
  },
  {
    "name": "Load Router",
    "start": 1543322181117,
    "end": 1543322181120,
    "duration": 3,
    "pid": 29438,
    "index": 67
  },
  {
    "name": "Require(49) app/router.js",
    "start": 1543322181117,
    "end": 1543322181118,
    "duration": 1,
    "pid": 29438,
    "index": 68
  },
  {
    "name": "Before Start in node_modules/egg-core/lib/egg.js:287:10",
    "start": 1543322181118,
    "end": 1543322181130,
    "duration": 12,
    "pid": 29438,
    "index": 69
  }
]