[
  {
    "name": "Application Start",
    "start": 1543322348208,
    "end": 1543322348653,
    "duration": 445,
    "pid": 29464,
    "index": 0
  },
  {
    "name": "Load Plugin",
    "start": 1543322348212,
    "end": 1543322348218,
    "duration": 6,
    "pid": 29464,
    "index": 1
  },
  {
    "name": "Load Config",
    "start": 1543322348218,
    "end": 1543322348231,
    "duration": 13,
    "pid": 29464,
    "index": 2
  },
  {
    "name": "Require(0) config/config.default.js",
    "start": 1543322348218,
    "end": 1543322348219,
    "duration": 1,
    "pid": 29464,
    "index": 3
  },
  {
    "name": "Require(1) config/config.local.js",
    "start": 1543322348219,
    "end": 1543322348220,
    "duration": 1,
    "pid": 29464,
    "index": 4
  },
  {
    "name": "Require(2) node_modules/egg-session/config/config.default.js",
    "start": 1543322348220,
    "end": 1543322348220,
    "duration": 0,
    "pid": 29464,
    "index": 5
  },
  {
    "name": "Require(3) node_modules/egg-security/config/config.default.js",
    "start": 1543322348220,
    "end": 1543322348221,
    "duration": 1,
    "pid": 29464,
    "index": 6
  },
  {
    "name": "Require(4) node_modules/egg-jsonp/config/config.default.js",
    "start": 1543322348222,
    "end": 1543322348222,
    "duration": 0,
    "pid": 29464,
    "index": 7
  },
  {
    "name": "Require(5) node_modules/egg-onerror/config/config.default.js",
    "start": 1543322348222,
    "end": 1543322348222,
    "duration": 0,
    "pid": 29464,
    "index": 8
  },
  {
    "name": "Require(6) node_modules/egg-i18n/config/config.default.js",
    "start": 1543322348222,
    "end": 1543322348222,
    "duration": 0,
    "pid": 29464,
    "index": 9
  },
  {
    "name": "Require(7) node_modules/egg-watcher/config/config.default.js",
    "start": 1543322348223,
    "end": 1543322348223,
    "duration": 0,
    "pid": 29464,
    "index": 10
  },
  {
    "name": "Require(8) node_modules/egg-schedule/config/config.default.js",
    "start": 1543322348223,
    "end": 1543322348225,
    "duration": 2,
    "pid": 29464,
    "index": 11
  },
  {
    "name": "Require(9) node_modules/egg-multipart/config/config.default.js",
    "start": 1543322348225,
    "end": 1543322348225,
    "duration": 0,
    "pid": 29464,
    "index": 12
  },
  {
    "name": "Require(10) node_modules/egg-development/config/config.default.js",
    "start": 1543322348226,
    "end": 1543322348226,
    "duration": 0,
    "pid": 29464,
    "index": 13
  },
  {
    "name": "Require(11) node_modules/egg-logrotator/config/config.default.js",
    "start": 1543322348226,
    "end": 1543322348226,
    "duration": 0,
    "pid": 29464,
    "index": 14
  },
  {
    "name": "Require(12) node_modules/egg-static/config/config.default.js",
    "start": 1543322348226,
    "end": 1543322348227,
    "duration": 1,
    "pid": 29464,
    "index": 15
  },
  {
    "name": "Require(13) node_modules/egg-view/config/config.default.js",
    "start": 1543322348227,
    "end": 1543322348227,
    "duration": 0,
    "pid": 29464,
    "index": 16
  },
  {
    "name": "Require(14) node_modules/egg-sequelize/config/config.default.js",
    "start": 1543322348227,
    "end": 1543322348228,
    "duration": 1,
    "pid": 29464,
    "index": 17
  },
  {
    "name": "Require(15) node_modules/egg/config/config.default.js",
    "start": 1543322348228,
    "end": 1543322348228,
    "duration": 0,
    "pid": 29464,
    "index": 18
  },
  {
    "name": "Require(16) config/config.default.js",
    "start": 1543322348229,
    "end": 1543322348229,
    "duration": 0,
    "pid": 29464,
    "index": 19
  },
  {
    "name": "Require(17) node_modules/egg-security/config/config.local.js",
    "start": 1543322348229,
    "end": 1543322348229,
    "duration": 0,
    "pid": 29464,
    "index": 20
  },
  {
    "name": "Require(18) node_modules/egg-watcher/config/config.local.js",
    "start": 1543322348230,
    "end": 1543322348230,
    "duration": 0,
    "pid": 29464,
    "index": 21
  },
  {
    "name": "Require(19) node_modules/egg-view/config/config.local.js",
    "start": 1543322348230,
    "end": 1543322348230,
    "duration": 0,
    "pid": 29464,
    "index": 22
  },
  {
    "name": "Require(20) node_modules/egg/config/config.local.js",
    "start": 1543322348230,
    "end": 1543322348230,
    "duration": 0,
    "pid": 29464,
    "index": 23
  },
  {
    "name": "Require(21) config/config.local.js",
    "start": 1543322348230,
    "end": 1543322348231,
    "duration": 1,
    "pid": 29464,
    "index": 24
  },
  {
    "name": "Load extend/application.js",
    "start": 1543322348232,
    "end": 1543322348237,
    "duration": 5,
    "pid": 29464,
    "index": 25
  },
  {
    "name": "Require(22) node_modules/egg-session/app/extend/application.js",
    "start": 1543322348232,
    "end": 1543322348232,
    "duration": 0,
    "pid": 29464,
    "index": 26
  },
  {
    "name": "Require(23) node_modules/egg-security/app/extend/application.js",
    "start": 1543322348232,
    "end": 1543322348233,
    "duration": 1,
    "pid": 29464,
    "index": 27
  },
  {
    "name": "Require(24) node_modules/egg-jsonp/app/extend/application.js",
    "start": 1543322348233,
    "end": 1543322348233,
    "duration": 0,
    "pid": 29464,
    "index": 28
  },
  {
    "name": "Require(25) node_modules/egg-logrotator/app/extend/application.js",
    "start": 1543322348234,
    "end": 1543322348234,
    "duration": 0,
    "pid": 29464,
    "index": 29
  },
  {
    "name": "Require(26) node_modules/egg-view/app/extend/application.js",
    "start": 1543322348234,
    "end": 1543322348235,
    "duration": 1,
    "pid": 29464,
    "index": 30
  },
  {
    "name": "Load extend/request.js",
    "start": 1543322348237,
    "end": 1543322348240,
    "duration": 3,
    "pid": 29464,
    "index": 31
  },
  {
    "name": "Require(27) node_modules/egg/app/extend/request.js",
    "start": 1543322348238,
    "end": 1543322348240,
    "duration": 2,
    "pid": 29464,
    "index": 32
  },
  {
    "name": "Load extend/response.js",
    "start": 1543322348240,
    "end": 1543322348243,
    "duration": 3,
    "pid": 29464,
    "index": 33
  },
  {
    "name": "Require(28) node_modules/egg/app/extend/response.js",
    "start": 1543322348241,
    "end": 1543322348242,
    "duration": 1,
    "pid": 29464,
    "index": 34
  },
  {
    "name": "Load extend/context.js",
    "start": 1543322348243,
    "end": 1543322348283,
    "duration": 40,
    "pid": 29464,
    "index": 35
  },
  {
    "name": "Require(29) node_modules/egg-security/app/extend/context.js",
    "start": 1543322348243,
    "end": 1543322348249,
    "duration": 6,
    "pid": 29464,
    "index": 36
  },
  {
    "name": "Require(30) node_modules/egg-jsonp/app/extend/context.js",
    "start": 1543322348249,
    "end": 1543322348250,
    "duration": 1,
    "pid": 29464,
    "index": 37
  },
  {
    "name": "Require(31) node_modules/egg-i18n/app/extend/context.js",
    "start": 1543322348250,
    "end": 1543322348250,
    "duration": 0,
    "pid": 29464,
    "index": 38
  },
  {
    "name": "Require(32) node_modules/egg-multipart/app/extend/context.js",
    "start": 1543322348250,
    "end": 1543322348282,
    "duration": 32,
    "pid": 29464,
    "index": 39
  },
  {
    "name": "Require(33) node_modules/egg-view/app/extend/context.js",
    "start": 1543322348282,
    "end": 1543322348282,
    "duration": 0,
    "pid": 29464,
    "index": 40
  },
  {
    "name": "Require(34) node_modules/egg/app/extend/context.js",
    "start": 1543322348282,
    "end": 1543322348283,
    "duration": 1,
    "pid": 29464,
    "index": 41
  },
  {
    "name": "Load extend/helper.js",
    "start": 1543322348283,
    "end": 1543322348293,
    "duration": 10,
    "pid": 29464,
    "index": 42
  },
  {
    "name": "Require(35) node_modules/egg-security/app/extend/helper.js",
    "start": 1543322348284,
    "end": 1543322348290,
    "duration": 6,
    "pid": 29464,
    "index": 43
  },
  {
    "name": "Require(36) node_modules/egg/app/extend/helper.js",
    "start": 1543322348291,
    "end": 1543322348291,
    "duration": 0,
    "pid": 29464,
    "index": 44
  },
  {
    "name": "Require(37) app/extend/helper.js",
    "start": 1543322348291,
    "end": 1543322348292,
    "duration": 1,
    "pid": 29464,
    "index": 45
  },
  {
    "name": "Load app.js",
    "start": 1543322348293,
    "end": 1543322348311,
    "duration": 18,
    "pid": 29464,
    "index": 46
  },
  {
    "name": "Require(38) node_modules/egg-session/app.js",
    "start": 1543322348293,
    "end": 1543322348294,
    "duration": 1,
    "pid": 29464,
    "index": 47
  },
  {
    "name": "Require(39) node_modules/egg-security/app.js",
    "start": 1543322348294,
    "end": 1543322348294,
    "duration": 0,
    "pid": 29464,
    "index": 48
  },
  {
    "name": "Require(40) node_modules/egg-onerror/app.js",
    "start": 1543322348294,
    "end": 1543322348298,
    "duration": 4,
    "pid": 29464,
    "index": 49
  },
  {
    "name": "Require(41) node_modules/egg-i18n/app.js",
    "start": 1543322348298,
    "end": 1543322348306,
    "duration": 8,
    "pid": 29464,
    "index": 50
  },
  {
    "name": "Require(42) node_modules/egg-watcher/app.js",
    "start": 1543322348306,
    "end": 1543322348307,
    "duration": 1,
    "pid": 29464,
    "index": 51
  },
  {
    "name": "Require(43) node_modules/egg-schedule/app.js",
    "start": 1543322348307,
    "end": 1543322348307,
    "duration": 0,
    "pid": 29464,
    "index": 52
  },
  {
    "name": "Require(44) node_modules/egg-multipart/app.js",
    "start": 1543322348308,
    "end": 1543322348308,
    "duration": 0,
    "pid": 29464,
    "index": 53
  },
  {
    "name": "Require(45) node_modules/egg-development/app.js",
    "start": 1543322348308,
    "end": 1543322348309,
    "duration": 1,
    "pid": 29464,
    "index": 54
  },
  {
    "name": "Require(46) node_modules/egg-logrotator/app.js",
    "start": 1543322348309,
    "end": 1543322348309,
    "duration": 0,
    "pid": 29464,
    "index": 55
  },
  {
    "name": "Require(47) node_modules/egg-static/app.js",
    "start": 1543322348309,
    "end": 1543322348309,
    "duration": 0,
    "pid": 29464,
    "index": 56
  },
  {
    "name": "Require(48) node_modules/egg-sequelize/app.js",
    "start": 1543322348310,
    "end": 1543322348310,
    "duration": 0,
    "pid": 29464,
    "index": 57
  },
  {
    "name": "Before Start in node_modules/egg-watcher/lib/init.js:15:14",
    "start": 1543322348320,
    "end": 1543322348631,
    "duration": 311,
    "pid": 29464,
    "index": 58
  },
  {
    "name": "Load \"Symbol(model)\" to Application",
    "start": 1543322348531,
    "end": 1543322348542,
    "duration": 11,
    "pid": 29464,
    "index": 59
  },
  {
    "name": "Before Start in node_modules/egg-sequelize/lib/loader.js:39:7",
    "start": 1543322348544,
    "end": 1543322348653,
    "duration": 109,
    "pid": 29464,
    "index": 60
  },
  {
    "name": "Load Service",
    "start": 1543322348544,
    "end": 1543322348548,
    "duration": 4,
    "pid": 29464,
    "index": 61
  },
  {
    "name": "Load \"service\" to Context",
    "start": 1543322348544,
    "end": 1543322348548,
    "duration": 4,
    "pid": 29464,
    "index": 62
  },
  {
    "name": "Load Middleware",
    "start": 1543322348549,
    "end": 1543322348585,
    "duration": 36,
    "pid": 29464,
    "index": 63
  },
  {
    "name": "Load \"middlewares\" to Application",
    "start": 1543322348549,
    "end": 1543322348579,
    "duration": 30,
    "pid": 29464,
    "index": 64
  },
  {
    "name": "Load Controller",
    "start": 1543322348585,
    "end": 1543322348587,
    "duration": 2,
    "pid": 29464,
    "index": 65
  },
  {
    "name": "Load \"controller\" to Application",
    "start": 1543322348585,
    "end": 1543322348587,
    "duration": 2,
    "pid": 29464,
    "index": 66
  },
  {
    "name": "Load Router",
    "start": 1543322348587,
    "end": 1543322348589,
    "duration": 2,
    "pid": 29464,
    "index": 67
  },
  {
    "name": "Require(49) app/router.js",
    "start": 1543322348587,
    "end": 1543322348587,
    "duration": 0,
    "pid": 29464,
    "index": 68
  },
  {
    "name": "Before Start in node_modules/egg-core/lib/egg.js:287:10",
    "start": 1543322348587,
    "end": 1543322348599,
    "duration": 12,
    "pid": 29464,
    "index": 69
  }
]