[
  {
    "name": "Application Start",
    "start": 1543322452474,
    "end": 1543322452952,
    "duration": 478,
    "pid": 29476,
    "index": 0
  },
  {
    "name": "Load Plugin",
    "start": 1543322452478,
    "end": 1543322452485,
    "duration": 7,
    "pid": 29476,
    "index": 1
  },
  {
    "name": "Load Config",
    "start": 1543322452485,
    "end": 1543322452499,
    "duration": 14,
    "pid": 29476,
    "index": 2
  },
  {
    "name": "Require(0) config/config.default.js",
    "start": 1543322452486,
    "end": 1543322452486,
    "duration": 0,
    "pid": 29476,
    "index": 3
  },
  {
    "name": "Require(1) config/config.local.js",
    "start": 1543322452487,
    "end": 1543322452487,
    "duration": 0,
    "pid": 29476,
    "index": 4
  },
  {
    "name": "Require(2) node_modules/egg-session/config/config.default.js",
    "start": 1543322452487,
    "end": 1543322452488,
    "duration": 1,
    "pid": 29476,
    "index": 5
  },
  {
    "name": "Require(3) node_modules/egg-security/config/config.default.js",
    "start": 1543322452488,
    "end": 1543322452489,
    "duration": 1,
    "pid": 29476,
    "index": 6
  },
  {
    "name": "Require(4) node_modules/egg-jsonp/config/config.default.js",
    "start": 1543322452490,
    "end": 1543322452490,
    "duration": 0,
    "pid": 29476,
    "index": 7
  },
  {
    "name": "Require(5) node_modules/egg-onerror/config/config.default.js",
    "start": 1543322452490,
    "end": 1543322452490,
    "duration": 0,
    "pid": 29476,
    "index": 8
  },
  {
    "name": "Require(6) node_modules/egg-i18n/config/config.default.js",
    "start": 1543322452492,
    "end": 1543322452492,
    "duration": 0,
    "pid": 29476,
    "index": 9
  },
  {
    "name": "Require(7) node_modules/egg-watcher/config/config.default.js",
    "start": 1543322452493,
    "end": 1543322452493,
    "duration": 0,
    "pid": 29476,
    "index": 10
  },
  {
    "name": "Require(8) node_modules/egg-schedule/config/config.default.js",
    "start": 1543322452493,
    "end": 1543322452493,
    "duration": 0,
    "pid": 29476,
    "index": 11
  },
  {
    "name": "Require(9) node_modules/egg-multipart/config/config.default.js",
    "start": 1543322452493,
    "end": 1543322452493,
    "duration": 0,
    "pid": 29476,
    "index": 12
  },
  {
    "name": "Require(10) node_modules/egg-development/config/config.default.js",
    "start": 1543322452494,
    "end": 1543322452494,
    "duration": 0,
    "pid": 29476,
    "index": 13
  },
  {
    "name": "Require(11) node_modules/egg-logrotator/config/config.default.js",
    "start": 1543322452494,
    "end": 1543322452494,
    "duration": 0,
    "pid": 29476,
    "index": 14
  },
  {
    "name": "Require(12) node_modules/egg-static/config/config.default.js",
    "start": 1543322452494,
    "end": 1543322452494,
    "duration": 0,
    "pid": 29476,
    "index": 15
  },
  {
    "name": "Require(13) node_modules/egg-view/config/config.default.js",
    "start": 1543322452495,
    "end": 1543322452495,
    "duration": 0,
    "pid": 29476,
    "index": 16
  },
  {
    "name": "Require(14) node_modules/egg-sequelize/config/config.default.js",
    "start": 1543322452495,
    "end": 1543322452495,
    "duration": 0,
    "pid": 29476,
    "index": 17
  },
  {
    "name": "Require(15) node_modules/egg/config/config.default.js",
    "start": 1543322452495,
    "end": 1543322452496,
    "duration": 1,
    "pid": 29476,
    "index": 18
  },
  {
    "name": "Require(16) config/config.default.js",
    "start": 1543322452498,
    "end": 1543322452498,
    "duration": 0,
    "pid": 29476,
    "index": 19
  },
  {
    "name": "Require(17) node_modules/egg-security/config/config.local.js",
    "start": 1543322452498,
    "end": 1543322452498,
    "duration": 0,
    "pid": 29476,
    "index": 20
  },
  {
    "name": "Require(18) node_modules/egg-watcher/config/config.local.js",
    "start": 1543322452498,
    "end": 1543322452498,
    "duration": 0,
    "pid": 29476,
    "index": 21
  },
  {
    "name": "Require(19) node_modules/egg-view/config/config.local.js",
    "start": 1543322452498,
    "end": 1543322452499,
    "duration": 1,
    "pid": 29476,
    "index": 22
  },
  {
    "name": "Require(20) node_modules/egg/config/config.local.js",
    "start": 1543322452499,
    "end": 1543322452499,
    "duration": 0,
    "pid": 29476,
    "index": 23
  },
  {
    "name": "Require(21) config/config.local.js",
    "start": 1543322452499,
    "end": 1543322452499,
    "duration": 0,
    "pid": 29476,
    "index": 24
  },
  {
    "name": "Load extend/application.js",
    "start": 1543322452501,
    "end": 1543322452506,
    "duration": 5,
    "pid": 29476,
    "index": 25
  },
  {
    "name": "Require(22) node_modules/egg-session/app/extend/application.js",
    "start": 1543322452501,
    "end": 1543322452502,
    "duration": 1,
    "pid": 29476,
    "index": 26
  },
  {
    "name": "Require(23) node_modules/egg-security/app/extend/application.js",
    "start": 1543322452502,
    "end": 1543322452502,
    "duration": 0,
    "pid": 29476,
    "index": 27
  },
  {
    "name": "Require(24) node_modules/egg-jsonp/app/extend/application.js",
    "start": 1543322452502,
    "end": 1543322452503,
    "duration": 1,
    "pid": 29476,
    "index": 28
  },
  {
    "name": "Require(25) node_modules/egg-logrotator/app/extend/application.js",
    "start": 1543322452503,
    "end": 1543322452504,
    "duration": 1,
    "pid": 29476,
    "index": 29
  },
  {
    "name": "Require(26) node_modules/egg-view/app/extend/application.js",
    "start": 1543322452504,
    "end": 1543322452505,
    "duration": 1,
    "pid": 29476,
    "index": 30
  },
  {
    "name": "Load extend/request.js",
    "start": 1543322452506,
    "end": 1543322452509,
    "duration": 3,
    "pid": 29476,
    "index": 31
  },
  {
    "name": "Require(27) node_modules/egg/app/extend/request.js",
    "start": 1543322452506,
    "end": 1543322452508,
    "duration": 2,
    "pid": 29476,
    "index": 32
  },
  {
    "name": "Load extend/response.js",
    "start": 1543322452509,
    "end": 1543322452511,
    "duration": 2,
    "pid": 29476,
    "index": 33
  },
  {
    "name": "Require(28) node_modules/egg/app/extend/response.js",
    "start": 1543322452510,
    "end": 1543322452510,
    "duration": 0,
    "pid": 29476,
    "index": 34
  },
  {
    "name": "Load extend/context.js",
    "start": 1543322452511,
    "end": 1543322452550,
    "duration": 39,
    "pid": 29476,
    "index": 35
  },
  {
    "name": "Require(29) node_modules/egg-security/app/extend/context.js",
    "start": 1543322452511,
    "end": 1543322452518,
    "duration": 7,
    "pid": 29476,
    "index": 36
  },
  {
    "name": "Require(30) node_modules/egg-jsonp/app/extend/context.js",
    "start": 1543322452518,
    "end": 1543322452519,
    "duration": 1,
    "pid": 29476,
    "index": 37
  },
  {
    "name": "Require(31) node_modules/egg-i18n/app/extend/context.js",
    "start": 1543322452519,
    "end": 1543322452519,
    "duration": 0,
    "pid": 29476,
    "index": 38
  },
  {
    "name": "Require(32) node_modules/egg-multipart/app/extend/context.js",
    "start": 1543322452519,
    "end": 1543322452548,
    "duration": 29,
    "pid": 29476,
    "index": 39
  },
  {
    "name": "Require(33) node_modules/egg-view/app/extend/context.js",
    "start": 1543322452548,
    "end": 1543322452549,
    "duration": 1,
    "pid": 29476,
    "index": 40
  },
  {
    "name": "Require(34) node_modules/egg/app/extend/context.js",
    "start": 1543322452549,
    "end": 1543322452549,
    "duration": 0,
    "pid": 29476,
    "index": 41
  },
  {
    "name": "Load extend/helper.js",
    "start": 1543322452550,
    "end": 1543322452562,
    "duration": 12,
    "pid": 29476,
    "index": 42
  },
  {
    "name": "Require(35) node_modules/egg-security/app/extend/helper.js",
    "start": 1543322452550,
    "end": 1543322452559,
    "duration": 9,
    "pid": 29476,
    "index": 43
  },
  {
    "name": "Require(36) node_modules/egg/app/extend/helper.js",
    "start": 1543322452559,
    "end": 1543322452560,
    "duration": 1,
    "pid": 29476,
    "index": 44
  },
  {
    "name": "Require(37) app/extend/helper.js",
    "start": 1543322452560,
    "end": 1543322452562,
    "duration": 2,
    "pid": 29476,
    "index": 45
  },
  {
    "name": "Load app.js",
    "start": 1543322452562,
    "end": 1543322452581,
    "duration": 19,
    "pid": 29476,
    "index": 46
  },
  {
    "name": "Require(38) node_modules/egg-session/app.js",
    "start": 1543322452563,
    "end": 1543322452563,
    "duration": 0,
    "pid": 29476,
    "index": 47
  },
  {
    "name": "Require(39) node_modules/egg-security/app.js",
    "start": 1543322452563,
    "end": 1543322452563,
    "duration": 0,
    "pid": 29476,
    "index": 48
  },
  {
    "name": "Require(40) node_modules/egg-onerror/app.js",
    "start": 1543322452564,
    "end": 1543322452568,
    "duration": 4,
    "pid": 29476,
    "index": 49
  },
  {
    "name": "Require(41) node_modules/egg-i18n/app.js",
    "start": 1543322452568,
    "end": 1543322452576,
    "duration": 8,
    "pid": 29476,
    "index": 50
  },
  {
    "name": "Require(42) node_modules/egg-watcher/app.js",
    "start": 1543322452576,
    "end": 1543322452577,
    "duration": 1,
    "pid": 29476,
    "index": 51
  },
  {
    "name": "Require(43) node_modules/egg-schedule/app.js",
    "start": 1543322452577,
    "end": 1543322452578,
    "duration": 1,
    "pid": 29476,
    "index": 52
  },
  {
    "name": "Require(44) node_modules/egg-multipart/app.js",
    "start": 1543322452578,
    "end": 1543322452579,
    "duration": 1,
    "pid": 29476,
    "index": 53
  },
  {
    "name": "Require(45) node_modules/egg-development/app.js",
    "start": 1543322452579,
    "end": 1543322452580,
    "duration": 1,
    "pid": 29476,
    "index": 54
  },
  {
    "name": "Require(46) node_modules/egg-logrotator/app.js",
    "start": 1543322452580,
    "end": 1543322452580,
    "duration": 0,
    "pid": 29476,
    "index": 55
  },
  {
    "name": "Require(47) node_modules/egg-static/app.js",
    "start": 1543322452580,
    "end": 1543322452580,
    "duration": 0,
    "pid": 29476,
    "index": 56
  },
  {
    "name": "Require(48) node_modules/egg-sequelize/app.js",
    "start": 1543322452580,
    "end": 1543322452580,
    "duration": 0,
    "pid": 29476,
    "index": 57
  },
  {
    "name": "Before Start in node_modules/egg-watcher/lib/init.js:15:14",
    "start": 1543322452592,
    "end": 1543322452932,
    "duration": 340,
    "pid": 29476,
    "index": 58
  },
  {
    "name": "Load \"Symbol(model)\" to Application",
    "start": 1543322452826,
    "end": 1543322452836,
    "duration": 10,
    "pid": 29476,
    "index": 59
  },
  {
    "name": "Before Start in node_modules/egg-sequelize/lib/loader.js:39:7",
    "start": 1543322452838,
    "end": 1543322452952,
    "duration": 114,
    "pid": 29476,
    "index": 60
  },
  {
    "name": "Load Service",
    "start": 1543322452838,
    "end": 1543322452842,
    "duration": 4,
    "pid": 29476,
    "index": 61
  },
  {
    "name": "Load \"service\" to Context",
    "start": 1543322452839,
    "end": 1543322452842,
    "duration": 3,
    "pid": 29476,
    "index": 62
  },
  {
    "name": "Load Middleware",
    "start": 1543322452842,
    "end": 1543322452883,
    "duration": 41,
    "pid": 29476,
    "index": 63
  },
  {
    "name": "Load \"middlewares\" to Application",
    "start": 1543322452842,
    "end": 1543322452876,
    "duration": 34,
    "pid": 29476,
    "index": 64
  },
  {
    "name": "Load Controller",
    "start": 1543322452883,
    "end": 1543322452886,
    "duration": 3,
    "pid": 29476,
    "index": 65
  },
  {
    "name": "Load \"controller\" to Application",
    "start": 1543322452883,
    "end": 1543322452886,
    "duration": 3,
    "pid": 29476,
    "index": 66
  },
  {
    "name": "Load Router",
    "start": 1543322452886,
    "end": 1543322452889,
    "duration": 3,
    "pid": 29476,
    "index": 67
  },
  {
    "name": "Require(49) app/router.js",
    "start": 1543322452886,
    "end": 1543322452886,
    "duration": 0,
    "pid": 29476,
    "index": 68
  },
  {
    "name": "Before Start in node_modules/egg-core/lib/egg.js:287:10",
    "start": 1543322452886,
    "end": 1543322452900,
    "duration": 14,
    "pid": 29476,
    "index": 69
  }
]