[
  {
    "name": "Application Start",
    "start": 1543322347385,
    "end": 1543322347820,
    "duration": 435,
    "pid": 29463,
    "index": 0
  },
  {
    "name": "Load Plugin",
    "start": 1543322347391,
    "end": 1543322347398,
    "duration": 7,
    "pid": 29463,
    "index": 1
  },
  {
    "name": "Load Config",
    "start": 1543322347398,
    "end": 1543322347408,
    "duration": 10,
    "pid": 29463,
    "index": 2
  },
  {
    "name": "Require(0) config/config.default.js",
    "start": 1543322347399,
    "end": 1543322347399,
    "duration": 0,
    "pid": 29463,
    "index": 3
  },
  {
    "name": "Require(1) config/config.local.js",
    "start": 1543322347400,
    "end": 1543322347400,
    "duration": 0,
    "pid": 29463,
    "index": 4
  },
  {
    "name": "Require(2) node_modules/egg-session/config/config.default.js",
    "start": 1543322347400,
    "end": 1543322347400,
    "duration": 0,
    "pid": 29463,
    "index": 5
  },
  {
    "name": "Require(3) node_modules/egg-security/config/config.default.js",
    "start": 1543322347400,
    "end": 1543322347402,
    "duration": 2,
    "pid": 29463,
    "index": 6
  },
  {
    "name": "Require(4) node_modules/egg-jsonp/config/config.default.js",
    "start": 1543322347402,
    "end": 1543322347403,
    "duration": 1,
    "pid": 29463,
    "index": 7
  },
  {
    "name": "Require(5) node_modules/egg-onerror/config/config.default.js",
    "start": 1543322347403,
    "end": 1543322347403,
    "duration": 0,
    "pid": 29463,
    "index": 8
  },
  {
    "name": "Require(6) node_modules/egg-i18n/config/config.default.js",
    "start": 1543322347403,
    "end": 1543322347403,
    "duration": 0,
    "pid": 29463,
    "index": 9
  },
  {
    "name": "Require(7) node_modules/egg-watcher/config/config.default.js",
    "start": 1543322347403,
    "end": 1543322347404,
    "duration": 1,
    "pid": 29463,
    "index": 10
  },
  {
    "name": "Require(8) node_modules/egg-schedule/config/config.default.js",
    "start": 1543322347404,
    "end": 1543322347404,
    "duration": 0,
    "pid": 29463,
    "index": 11
  },
  {
    "name": "Require(9) node_modules/egg-multipart/config/config.default.js",
    "start": 1543322347404,
    "end": 1543322347404,
    "duration": 0,
    "pid": 29463,
    "index": 12
  },
  {
    "name": "Require(10) node_modules/egg-development/config/config.default.js",
    "start": 1543322347404,
    "end": 1543322347405,
    "duration": 1,
    "pid": 29463,
    "index": 13
  },
  {
    "name": "Require(11) node_modules/egg-logrotator/config/config.default.js",
    "start": 1543322347405,
    "end": 1543322347405,
    "duration": 0,
    "pid": 29463,
    "index": 14
  },
  {
    "name": "Require(12) node_modules/egg-static/config/config.default.js",
    "start": 1543322347405,
    "end": 1543322347405,
    "duration": 0,
    "pid": 29463,
    "index": 15
  },
  {
    "name": "Require(13) node_modules/egg-view/config/config.default.js",
    "start": 1543322347405,
    "end": 1543322347405,
    "duration": 0,
    "pid": 29463,
    "index": 16
  },
  {
    "name": "Require(14) node_modules/egg-sequelize/config/config.default.js",
    "start": 1543322347406,
    "end": 1543322347406,
    "duration": 0,
    "pid": 29463,
    "index": 17
  },
  {
    "name": "Require(15) node_modules/egg/config/config.default.js",
    "start": 1543322347406,
    "end": 1543322347406,
    "duration": 0,
    "pid": 29463,
    "index": 18
  },
  {
    "name": "Require(16) config/config.default.js",
    "start": 1543322347407,
    "end": 1543322347407,
    "duration": 0,
    "pid": 29463,
    "index": 19
  },
  {
    "name": "Require(17) node_modules/egg-security/config/config.local.js",
    "start": 1543322347407,
    "end": 1543322347407,
    "duration": 0,
    "pid": 29463,
    "index": 20
  },
  {
    "name": "Require(18) node_modules/egg-watcher/config/config.local.js",
    "start": 1543322347408,
    "end": 1543322347408,
    "duration": 0,
    "pid": 29463,
    "index": 21
  },
  {
    "name": "Require(19) node_modules/egg-view/config/config.local.js",
    "start": 1543322347408,
    "end": 1543322347408,
    "duration": 0,
    "pid": 29463,
    "index": 22
  },
  {
    "name": "Require(20) node_modules/egg/config/config.local.js",
    "start": 1543322347408,
    "end": 1543322347408,
    "duration": 0,
    "pid": 29463,
    "index": 23
  },
  {
    "name": "Require(21) config/config.local.js",
    "start": 1543322347408,
    "end": 1543322347408,
    "duration": 0,
    "pid": 29463,
    "index": 24
  },
  {
    "name": "Load extend/application.js",
    "start": 1543322347410,
    "end": 1543322347414,
    "duration": 4,
    "pid": 29463,
    "index": 25
  },
  {
    "name": "Require(22) node_modules/egg-session/app/extend/application.js",
    "start": 1543322347410,
    "end": 1543322347411,
    "duration": 1,
    "pid": 29463,
    "index": 26
  },
  {
    "name": "Require(23) node_modules/egg-security/app/extend/application.js",
    "start": 1543322347411,
    "end": 1543322347411,
    "duration": 0,
    "pid": 29463,
    "index": 27
  },
  {
    "name": "Require(24) node_modules/egg-jsonp/app/extend/application.js",
    "start": 1543322347411,
    "end": 1543322347412,
    "duration": 1,
    "pid": 29463,
    "index": 28
  },
  {
    "name": "Require(25) node_modules/egg-logrotator/app/extend/application.js",
    "start": 1543322347412,
    "end": 1543322347413,
    "duration": 1,
    "pid": 29463,
    "index": 29
  },
  {
    "name": "Require(26) node_modules/egg-view/app/extend/application.js",
    "start": 1543322347413,
    "end": 1543322347413,
    "duration": 0,
    "pid": 29463,
    "index": 30
  },
  {
    "name": "Load extend/request.js",
    "start": 1543322347414,
    "end": 1543322347415,
    "duration": 1,
    "pid": 29463,
    "index": 31
  },
  {
    "name": "Require(27) node_modules/egg/app/extend/request.js",
    "start": 1543322347414,
    "end": 1543322347415,
    "duration": 1,
    "pid": 29463,
    "index": 32
  },
  {
    "name": "Load extend/response.js",
    "start": 1543322347415,
    "end": 1543322347417,
    "duration": 2,
    "pid": 29463,
    "index": 33
  },
  {
    "name": "Require(28) node_modules/egg/app/extend/response.js",
    "start": 1543322347416,
    "end": 1543322347416,
    "duration": 0,
    "pid": 29463,
    "index": 34
  },
  {
    "name": "Load extend/context.js",
    "start": 1543322347417,
    "end": 1543322347449,
    "duration": 32,
    "pid": 29463,
    "index": 35
  },
  {
    "name": "Require(29) node_modules/egg-security/app/extend/context.js",
    "start": 1543322347417,
    "end": 1543322347422,
    "duration": 5,
    "pid": 29463,
    "index": 36
  },
  {
    "name": "Require(30) node_modules/egg-jsonp/app/extend/context.js",
    "start": 1543322347422,
    "end": 1543322347423,
    "duration": 1,
    "pid": 29463,
    "index": 37
  },
  {
    "name": "Require(31) node_modules/egg-i18n/app/extend/context.js",
    "start": 1543322347423,
    "end": 1543322347423,
    "duration": 0,
    "pid": 29463,
    "index": 38
  },
  {
    "name": "Require(32) node_modules/egg-multipart/app/extend/context.js",
    "start": 1543322347423,
    "end": 1543322347447,
    "duration": 24,
    "pid": 29463,
    "index": 39
  },
  {
    "name": "Require(33) node_modules/egg-view/app/extend/context.js",
    "start": 1543322347447,
    "end": 1543322347448,
    "duration": 1,
    "pid": 29463,
    "index": 40
  },
  {
    "name": "Require(34) node_modules/egg/app/extend/context.js",
    "start": 1543322347448,
    "end": 1543322347449,
    "duration": 1,
    "pid": 29463,
    "index": 41
  },
  {
    "name": "Load extend/helper.js",
    "start": 1543322347449,
    "end": 1543322347459,
    "duration": 10,
    "pid": 29463,
    "index": 42
  },
  {
    "name": "Require(35) node_modules/egg-security/app/extend/helper.js",
    "start": 1543322347449,
    "end": 1543322347456,
    "duration": 7,
    "pid": 29463,
    "index": 43
  },
  {
    "name": "Require(36) node_modules/egg/app/extend/helper.js",
    "start": 1543322347456,
    "end": 1543322347457,
    "duration": 1,
    "pid": 29463,
    "index": 44
  },
  {
    "name": "Require(37) app/extend/helper.js",
    "start": 1543322347457,
    "end": 1543322347458,
    "duration": 1,
    "pid": 29463,
    "index": 45
  },
  {
    "name": "Load app.js",
    "start": 1543322347459,
    "end": 1543322347479,
    "duration": 20,
    "pid": 29463,
    "index": 46
  },
  {
    "name": "Require(38) node_modules/egg-session/app.js",
    "start": 1543322347459,
    "end": 1543322347459,
    "duration": 0,
    "pid": 29463,
    "index": 47
  },
  {
    "name": "Require(39) node_modules/egg-security/app.js",
    "start": 1543322347459,
    "end": 1543322347460,
    "duration": 1,
    "pid": 29463,
    "index": 48
  },
  {
    "name": "Require(40) node_modules/egg-onerror/app.js",
    "start": 1543322347460,
    "end": 1543322347466,
    "duration": 6,
    "pid": 29463,
    "index": 49
  },
  {
    "name": "Require(41) node_modules/egg-i18n/app.js",
    "start": 1543322347467,
    "end": 1543322347473,
    "duration": 6,
    "pid": 29463,
    "index": 50
  },
  {
    "name": "Require(42) node_modules/egg-watcher/app.js",
    "start": 1543322347473,
    "end": 1543322347474,
    "duration": 1,
    "pid": 29463,
    "index": 51
  },
  {
    "name": "Require(43) node_modules/egg-schedule/app.js",
    "start": 1543322347474,
    "end": 1543322347475,
    "duration": 1,
    "pid": 29463,
    "index": 52
  },
  {
    "name": "Require(44) node_modules/egg-multipart/app.js",
    "start": 1543322347475,
    "end": 1543322347476,
    "duration": 1,
    "pid": 29463,
    "index": 53
  },
  {
    "name": "Require(45) node_modules/egg-development/app.js",
    "start": 1543322347476,
    "end": 1543322347477,
    "duration": 1,
    "pid": 29463,
    "index": 54
  },
  {
    "name": "Require(46) node_modules/egg-logrotator/app.js",
    "start": 1543322347477,
    "end": 1543322347478,
    "duration": 1,
    "pid": 29463,
    "index": 55
  },
  {
    "name": "Require(47) node_modules/egg-static/app.js",
    "start": 1543322347478,
    "end": 1543322347478,
    "duration": 0,
    "pid": 29463,
    "index": 56
  },
  {
    "name": "Require(48) node_modules/egg-sequelize/app.js",
    "start": 1543322347478,
    "end": 1543322347478,
    "duration": 0,
    "pid": 29463,
    "index": 57
  },
  {
    "name": "Before Start in node_modules/egg-watcher/lib/init.js:15:14",
    "start": 1543322347488,
    "end": 1543322347803,
    "duration": 315,
    "pid": 29463,
    "index": 58
  },
  {
    "name": "Load \"Symbol(model)\" to Application",
    "start": 1543322347708,
    "end": 1543322347718,
    "duration": 10,
    "pid": 29463,
    "index": 59
  },
  {
    "name": "Before Start in node_modules/egg-sequelize/lib/loader.js:39:7",
    "start": 1543322347721,
    "end": 1543322347820,
    "duration": 99,
    "pid": 29463,
    "index": 60
  },
  {
    "name": "Load Service",
    "start": 1543322347721,
    "end": 1543322347724,
    "duration": 3,
    "pid": 29463,
    "index": 61
  },
  {
    "name": "Load \"service\" to Context",
    "start": 1543322347721,
    "end": 1543322347724,
    "duration": 3,
    "pid": 29463,
    "index": 62
  },
  {
    "name": "Load Middleware",
    "start": 1543322347724,
    "end": 1543322347762,
    "duration": 38,
    "pid": 29463,
    "index": 63
  },
  {
    "name": "Load \"middlewares\" to Application",
    "start": 1543322347724,
    "end": 1543322347757,
    "duration": 33,
    "pid": 29463,
    "index": 64
  },
  {
    "name": "Load Controller",
    "start": 1543322347762,
    "end": 1543322347764,
    "duration": 2,
    "pid": 29463,
    "index": 65
  },
  {
    "name": "Load \"controller\" to Application",
    "start": 1543322347762,
    "end": 1543322347764,
    "duration": 2,
    "pid": 29463,
    "index": 66
  },
  {
    "name": "Load Router",
    "start": 1543322347764,
    "end": 1543322347767,
    "duration": 3,
    "pid": 29463,
    "index": 67
  },
  {
    "name": "Require(49) app/router.js",
    "start": 1543322347764,
    "end": 1543322347764,
    "duration": 0,
    "pid": 29463,
    "index": 68
  },
  {
    "name": "Before Start in node_modules/egg-core/lib/egg.js:287:10",
    "start": 1543322347765,
    "end": 1543322347778,
    "duration": 13,
    "pid": 29463,
    "index": 69
  }
]