[
  {
    "name": "Application Start",
    "start": 1543322291683,
    "end": 1543322292130,
    "duration": 447,
    "pid": 29455,
    "index": 0
  },
  {
    "name": "Load Plugin",
    "start": 1543322291687,
    "end": 1543322291693,
    "duration": 6,
    "pid": 29455,
    "index": 1
  },
  {
    "name": "Load Config",
    "start": 1543322291693,
    "end": 1543322291708,
    "duration": 15,
    "pid": 29455,
    "index": 2
  },
  {
    "name": "Require(0) config/config.default.js",
    "start": 1543322291694,
    "end": 1543322291695,
    "duration": 1,
    "pid": 29455,
    "index": 3
  },
  {
    "name": "Require(1) config/config.local.js",
    "start": 1543322291695,
    "end": 1543322291695,
    "duration": 0,
    "pid": 29455,
    "index": 4
  },
  {
    "name": "Require(2) node_modules/egg-session/config/config.default.js",
    "start": 1543322291696,
    "end": 1543322291696,
    "duration": 0,
    "pid": 29455,
    "index": 5
  },
  {
    "name": "Require(3) node_modules/egg-security/config/config.default.js",
    "start": 1543322291696,
    "end": 1543322291698,
    "duration": 2,
    "pid": 29455,
    "index": 6
  },
  {
    "name": "Require(4) node_modules/egg-jsonp/config/config.default.js",
    "start": 1543322291701,
    "end": 1543322291702,
    "duration": 1,
    "pid": 29455,
    "index": 7
  },
  {
    "name": "Require(5) node_modules/egg-onerror/config/config.default.js",
    "start": 1543322291702,
    "end": 1543322291703,
    "duration": 1,
    "pid": 29455,
    "index": 8
  },
  {
    "name": "Require(6) node_modules/egg-i18n/config/config.default.js",
    "start": 1543322291703,
    "end": 1543322291703,
    "duration": 0,
    "pid": 29455,
    "index": 9
  },
  {
    "name": "Require(7) node_modules/egg-watcher/config/config.default.js",
    "start": 1543322291703,
    "end": 1543322291704,
    "duration": 1,
    "pid": 29455,
    "index": 10
  },
  {
    "name": "Require(8) node_modules/egg-schedule/config/config.default.js",
    "start": 1543322291704,
    "end": 1543322291704,
    "duration": 0,
    "pid": 29455,
    "index": 11
  },
  {
    "name": "Require(9) node_modules/egg-multipart/config/config.default.js",
    "start": 1543322291704,
    "end": 1543322291704,
    "duration": 0,
    "pid": 29455,
    "index": 12
  },
  {
    "name": "Require(10) node_modules/egg-development/config/config.default.js",
    "start": 1543322291705,
    "end": 1543322291705,
    "duration": 0,
    "pid": 29455,
    "index": 13
  },
  {
    "name": "Require(11) node_modules/egg-logrotator/config/config.default.js",
    "start": 1543322291705,
    "end": 1543322291705,
    "duration": 0,
    "pid": 29455,
    "index": 14
  },
  {
    "name": "Require(12) node_modules/egg-static/config/config.default.js",
    "start": 1543322291705,
    "end": 1543322291705,
    "duration": 0,
    "pid": 29455,
    "index": 15
  },
  {
    "name": "Require(13) node_modules/egg-view/config/config.default.js",
    "start": 1543322291705,
    "end": 1543322291706,
    "duration": 1,
    "pid": 29455,
    "index": 16
  },
  {
    "name": "Require(14) node_modules/egg-sequelize/config/config.default.js",
    "start": 1543322291706,
    "end": 1543322291706,
    "duration": 0,
    "pid": 29455,
    "index": 17
  },
  {
    "name": "Require(15) node_modules/egg/config/config.default.js",
    "start": 1543322291706,
    "end": 1543322291706,
    "duration": 0,
    "pid": 29455,
    "index": 18
  },
  {
    "name": "Require(16) config/config.default.js",
    "start": 1543322291707,
    "end": 1543322291707,
    "duration": 0,
    "pid": 29455,
    "index": 19
  },
  {
    "name": "Require(17) node_modules/egg-security/config/config.local.js",
    "start": 1543322291707,
    "end": 1543322291707,
    "duration": 0,
    "pid": 29455,
    "index": 20
  },
  {
    "name": "Require(18) node_modules/egg-watcher/config/config.local.js",
    "start": 1543322291707,
    "end": 1543322291708,
    "duration": 1,
    "pid": 29455,
    "index": 21
  },
  {
    "name": "Require(19) node_modules/egg-view/config/config.local.js",
    "start": 1543322291708,
    "end": 1543322291708,
    "duration": 0,
    "pid": 29455,
    "index": 22
  },
  {
    "name": "Require(20) node_modules/egg/config/config.local.js",
    "start": 1543322291708,
    "end": 1543322291708,
    "duration": 0,
    "pid": 29455,
    "index": 23
  },
  {
    "name": "Require(21) config/config.local.js",
    "start": 1543322291708,
    "end": 1543322291708,
    "duration": 0,
    "pid": 29455,
    "index": 24
  },
  {
    "name": "Load extend/application.js",
    "start": 1543322291710,
    "end": 1543322291713,
    "duration": 3,
    "pid": 29455,
    "index": 25
  },
  {
    "name": "Require(22) node_modules/egg-session/app/extend/application.js",
    "start": 1543322291710,
    "end": 1543322291710,
    "duration": 0,
    "pid": 29455,
    "index": 26
  },
  {
    "name": "Require(23) node_modules/egg-security/app/extend/application.js",
    "start": 1543322291711,
    "end": 1543322291711,
    "duration": 0,
    "pid": 29455,
    "index": 27
  },
  {
    "name": "Require(24) node_modules/egg-jsonp/app/extend/application.js",
    "start": 1543322291711,
    "end": 1543322291712,
    "duration": 1,
    "pid": 29455,
    "index": 28
  },
  {
    "name": "Require(25) node_modules/egg-logrotator/app/extend/application.js",
    "start": 1543322291712,
    "end": 1543322291712,
    "duration": 0,
    "pid": 29455,
    "index": 29
  },
  {
    "name": "Require(26) node_modules/egg-view/app/extend/application.js",
    "start": 1543322291712,
    "end": 1543322291713,
    "duration": 1,
    "pid": 29455,
    "index": 30
  },
  {
    "name": "Load extend/request.js",
    "start": 1543322291713,
    "end": 1543322291715,
    "duration": 2,
    "pid": 29455,
    "index": 31
  },
  {
    "name": "Require(27) node_modules/egg/app/extend/request.js",
    "start": 1543322291714,
    "end": 1543322291714,
    "duration": 0,
    "pid": 29455,
    "index": 32
  },
  {
    "name": "Load extend/response.js",
    "start": 1543322291715,
    "end": 1543322291717,
    "duration": 2,
    "pid": 29455,
    "index": 33
  },
  {
    "name": "Require(28) node_modules/egg/app/extend/response.js",
    "start": 1543322291716,
    "end": 1543322291716,
    "duration": 0,
    "pid": 29455,
    "index": 34
  },
  {
    "name": "Load extend/context.js",
    "start": 1543322291717,
    "end": 1543322291756,
    "duration": 39,
    "pid": 29455,
    "index": 35
  },
  {
    "name": "Require(29) node_modules/egg-security/app/extend/context.js",
    "start": 1543322291717,
    "end": 1543322291724,
    "duration": 7,
    "pid": 29455,
    "index": 36
  },
  {
    "name": "Require(30) node_modules/egg-jsonp/app/extend/context.js",
    "start": 1543322291724,
    "end": 1543322291725,
    "duration": 1,
    "pid": 29455,
    "index": 37
  },
  {
    "name": "Require(31) node_modules/egg-i18n/app/extend/context.js",
    "start": 1543322291725,
    "end": 1543322291725,
    "duration": 0,
    "pid": 29455,
    "index": 38
  },
  {
    "name": "Require(32) node_modules/egg-multipart/app/extend/context.js",
    "start": 1543322291725,
    "end": 1543322291754,
    "duration": 29,
    "pid": 29455,
    "index": 39
  },
  {
    "name": "Require(33) node_modules/egg-view/app/extend/context.js",
    "start": 1543322291754,
    "end": 1543322291755,
    "duration": 1,
    "pid": 29455,
    "index": 40
  },
  {
    "name": "Require(34) node_modules/egg/app/extend/context.js",
    "start": 1543322291755,
    "end": 1543322291755,
    "duration": 0,
    "pid": 29455,
    "index": 41
  },
  {
    "name": "Load extend/helper.js",
    "start": 1543322291756,
    "end": 1543322291771,
    "duration": 15,
    "pid": 29455,
    "index": 42
  },
  {
    "name": "Require(35) node_modules/egg-security/app/extend/helper.js",
    "start": 1543322291756,
    "end": 1543322291765,
    "duration": 9,
    "pid": 29455,
    "index": 43
  },
  {
    "name": "Require(36) node_modules/egg/app/extend/helper.js",
    "start": 1543322291765,
    "end": 1543322291766,
    "duration": 1,
    "pid": 29455,
    "index": 44
  },
  {
    "name": "Require(37) app/extend/helper.js",
    "start": 1543322291766,
    "end": 1543322291771,
    "duration": 5,
    "pid": 29455,
    "index": 45
  },
  {
    "name": "Load app.js",
    "start": 1543322291772,
    "end": 1543322291790,
    "duration": 18,
    "pid": 29455,
    "index": 46
  },
  {
    "name": "Require(38) node_modules/egg-session/app.js",
    "start": 1543322291772,
    "end": 1543322291772,
    "duration": 0,
    "pid": 29455,
    "index": 47
  },
  {
    "name": "Require(39) node_modules/egg-security/app.js",
    "start": 1543322291772,
    "end": 1543322291773,
    "duration": 1,
    "pid": 29455,
    "index": 48
  },
  {
    "name": "Require(40) node_modules/egg-onerror/app.js",
    "start": 1543322291773,
    "end": 1543322291777,
    "duration": 4,
    "pid": 29455,
    "index": 49
  },
  {
    "name": "Require(41) node_modules/egg-i18n/app.js",
    "start": 1543322291777,
    "end": 1543322291784,
    "duration": 7,
    "pid": 29455,
    "index": 50
  },
  {
    "name": "Require(42) node_modules/egg-watcher/app.js",
    "start": 1543322291785,
    "end": 1543322291787,
    "duration": 2,
    "pid": 29455,
    "index": 51
  },
  {
    "name": "Require(43) node_modules/egg-schedule/app.js",
    "start": 1543322291787,
    "end": 1543322291788,
    "duration": 1,
    "pid": 29455,
    "index": 52
  },
  {
    "name": "Require(44) node_modules/egg-multipart/app.js",
    "start": 1543322291788,
    "end": 1543322291789,
    "duration": 1,
    "pid": 29455,
    "index": 53
  },
  {
    "name": "Require(45) node_modules/egg-development/app.js",
    "start": 1543322291789,
    "end": 1543322291789,
    "duration": 0,
    "pid": 29455,
    "index": 54
  },
  {
    "name": "Require(46) node_modules/egg-logrotator/app.js",
    "start": 1543322291789,
    "end": 1543322291789,
    "duration": 0,
    "pid": 29455,
    "index": 55
  },
  {
    "name": "Require(47) node_modules/egg-static/app.js",
    "start": 1543322291789,
    "end": 1543322291789,
    "duration": 0,
    "pid": 29455,
    "index": 56
  },
  {
    "name": "Require(48) node_modules/egg-sequelize/app.js",
    "start": 1543322291789,
    "end": 1543322291790,
    "duration": 1,
    "pid": 29455,
    "index": 57
  },
  {
    "name": "Before Start in node_modules/egg-watcher/lib/init.js:15:14",
    "start": 1543322291803,
    "end": 1543322292112,
    "duration": 309,
    "pid": 29455,
    "index": 58
  },
  {
    "name": "Load \"Symbol(model)\" to Application",
    "start": 1543322292011,
    "end": 1543322292021,
    "duration": 10,
    "pid": 29455,
    "index": 59
  },
  {
    "name": "Before Start in node_modules/egg-sequelize/lib/loader.js:39:7",
    "start": 1543322292023,
    "end": 1543322292130,
    "duration": 107,
    "pid": 29455,
    "index": 60
  },
  {
    "name": "Load Service",
    "start": 1543322292023,
    "end": 1543322292027,
    "duration": 4,
    "pid": 29455,
    "index": 61
  },
  {
    "name": "Load \"service\" to Context",
    "start": 1543322292023,
    "end": 1543322292027,
    "duration": 4,
    "pid": 29455,
    "index": 62
  },
  {
    "name": "Load Middleware",
    "start": 1543322292027,
    "end": 1543322292069,
    "duration": 42,
    "pid": 29455,
    "index": 63
  },
  {
    "name": "Load \"middlewares\" to Application",
    "start": 1543322292027,
    "end": 1543322292064,
    "duration": 37,
    "pid": 29455,
    "index": 64
  },
  {
    "name": "Load Controller",
    "start": 1543322292069,
    "end": 1543322292072,
    "duration": 3,
    "pid": 29455,
    "index": 65
  },
  {
    "name": "Load \"controller\" to Application",
    "start": 1543322292069,
    "end": 1543322292072,
    "duration": 3,
    "pid": 29455,
    "index": 66
  },
  {
    "name": "Load Router",
    "start": 1543322292072,
    "end": 1543322292074,
    "duration": 2,
    "pid": 29455,
    "index": 67
  },
  {
    "name": "Require(49) app/router.js",
    "start": 1543322292072,
    "end": 1543322292072,
    "duration": 0,
    "pid": 29455,
    "index": 68
  },
  {
    "name": "Before Start in node_modules/egg-core/lib/egg.js:287:10",
    "start": 1543322292072,
    "end": 1543322292086,
    "duration": 14,
    "pid": 29455,
    "index": 69
  }
]