[
  {
    "name": "Application Start",
    "start": 1543322410057,
    "end": 1543322410508,
    "duration": 451,
    "pid": 29468,
    "index": 0
  },
  {
    "name": "Load Plugin",
    "start": 1543322410060,
    "end": 1543322410066,
    "duration": 6,
    "pid": 29468,
    "index": 1
  },
  {
    "name": "Load Config",
    "start": 1543322410066,
    "end": 1543322410081,
    "duration": 15,
    "pid": 29468,
    "index": 2
  },
  {
    "name": "Require(0) config/config.default.js",
    "start": 1543322410067,
    "end": 1543322410067,
    "duration": 0,
    "pid": 29468,
    "index": 3
  },
  {
    "name": "Require(1) config/config.local.js",
    "start": 1543322410068,
    "end": 1543322410069,
    "duration": 1,
    "pid": 29468,
    "index": 4
  },
  {
    "name": "Require(2) node_modules/egg-session/config/config.default.js",
    "start": 1543322410069,
    "end": 1543322410069,
    "duration": 0,
    "pid": 29468,
    "index": 5
  },
  {
    "name": "Require(3) node_modules/egg-security/config/config.default.js",
    "start": 1543322410069,
    "end": 1543322410070,
    "duration": 1,
    "pid": 29468,
    "index": 6
  },
  {
    "name": "Require(4) node_modules/egg-jsonp/config/config.default.js",
    "start": 1543322410071,
    "end": 1543322410072,
    "duration": 1,
    "pid": 29468,
    "index": 7
  },
  {
    "name": "Require(5) node_modules/egg-onerror/config/config.default.js",
    "start": 1543322410072,
    "end": 1543322410072,
    "duration": 0,
    "pid": 29468,
    "index": 8
  },
  {
    "name": "Require(6) node_modules/egg-i18n/config/config.default.js",
    "start": 1543322410072,
    "end": 1543322410073,
    "duration": 1,
    "pid": 29468,
    "index": 9
  },
  {
    "name": "Require(7) node_modules/egg-watcher/config/config.default.js",
    "start": 1543322410074,
    "end": 1543322410074,
    "duration": 0,
    "pid": 29468,
    "index": 10
  },
  {
    "name": "Require(8) node_modules/egg-schedule/config/config.default.js",
    "start": 1543322410074,
    "end": 1543322410074,
    "duration": 0,
    "pid": 29468,
    "index": 11
  },
  {
    "name": "Require(9) node_modules/egg-multipart/config/config.default.js",
    "start": 1543322410074,
    "end": 1543322410074,
    "duration": 0,
    "pid": 29468,
    "index": 12
  },
  {
    "name": "Require(10) node_modules/egg-development/config/config.default.js",
    "start": 1543322410075,
    "end": 1543322410075,
    "duration": 0,
    "pid": 29468,
    "index": 13
  },
  {
    "name": "Require(11) node_modules/egg-logrotator/config/config.default.js",
    "start": 1543322410075,
    "end": 1543322410075,
    "duration": 0,
    "pid": 29468,
    "index": 14
  },
  {
    "name": "Require(12) node_modules/egg-static/config/config.default.js",
    "start": 1543322410075,
    "end": 1543322410077,
    "duration": 2,
    "pid": 29468,
    "index": 15
  },
  {
    "name": "Require(13) node_modules/egg-view/config/config.default.js",
    "start": 1543322410077,
    "end": 1543322410077,
    "duration": 0,
    "pid": 29468,
    "index": 16
  },
  {
    "name": "Require(14) node_modules/egg-sequelize/config/config.default.js",
    "start": 1543322410078,
    "end": 1543322410078,
    "duration": 0,
    "pid": 29468,
    "index": 17
  },
  {
    "name": "Require(15) node_modules/egg/config/config.default.js",
    "start": 1543322410078,
    "end": 1543322410078,
    "duration": 0,
    "pid": 29468,
    "index": 18
  },
  {
    "name": "Require(16) config/config.default.js",
    "start": 1543322410079,
    "end": 1543322410079,
    "duration": 0,
    "pid": 29468,
    "index": 19
  },
  {
    "name": "Require(17) node_modules/egg-security/config/config.local.js",
    "start": 1543322410079,
    "end": 1543322410080,
    "duration": 1,
    "pid": 29468,
    "index": 20
  },
  {
    "name": "Require(18) node_modules/egg-watcher/config/config.local.js",
    "start": 1543322410080,
    "end": 1543322410080,
    "duration": 0,
    "pid": 29468,
    "index": 21
  },
  {
    "name": "Require(19) node_modules/egg-view/config/config.local.js",
    "start": 1543322410080,
    "end": 1543322410080,
    "duration": 0,
    "pid": 29468,
    "index": 22
  },
  {
    "name": "Require(20) node_modules/egg/config/config.local.js",
    "start": 1543322410080,
    "end": 1543322410081,
    "duration": 1,
    "pid": 29468,
    "index": 23
  },
  {
    "name": "Require(21) config/config.local.js",
    "start": 1543322410081,
    "end": 1543322410081,
    "duration": 0,
    "pid": 29468,
    "index": 24
  },
  {
    "name": "Load extend/application.js",
    "start": 1543322410082,
    "end": 1543322410086,
    "duration": 4,
    "pid": 29468,
    "index": 25
  },
  {
    "name": "Require(22) node_modules/egg-session/app/extend/application.js",
    "start": 1543322410082,
    "end": 1543322410083,
    "duration": 1,
    "pid": 29468,
    "index": 26
  },
  {
    "name": "Require(23) node_modules/egg-security/app/extend/application.js",
    "start": 1543322410083,
    "end": 1543322410083,
    "duration": 0,
    "pid": 29468,
    "index": 27
  },
  {
    "name": "Require(24) node_modules/egg-jsonp/app/extend/application.js",
    "start": 1543322410083,
    "end": 1543322410084,
    "duration": 1,
    "pid": 29468,
    "index": 28
  },
  {
    "name": "Require(25) node_modules/egg-logrotator/app/extend/application.js",
    "start": 1543322410084,
    "end": 1543322410085,
    "duration": 1,
    "pid": 29468,
    "index": 29
  },
  {
    "name": "Require(26) node_modules/egg-view/app/extend/application.js",
    "start": 1543322410085,
    "end": 1543322410085,
    "duration": 0,
    "pid": 29468,
    "index": 30
  },
  {
    "name": "Load extend/request.js",
    "start": 1543322410086,
    "end": 1543322410090,
    "duration": 4,
    "pid": 29468,
    "index": 31
  },
  {
    "name": "Require(27) node_modules/egg/app/extend/request.js",
    "start": 1543322410086,
    "end": 1543322410089,
    "duration": 3,
    "pid": 29468,
    "index": 32
  },
  {
    "name": "Load extend/response.js",
    "start": 1543322410090,
    "end": 1543322410092,
    "duration": 2,
    "pid": 29468,
    "index": 33
  },
  {
    "name": "Require(28) node_modules/egg/app/extend/response.js",
    "start": 1543322410091,
    "end": 1543322410092,
    "duration": 1,
    "pid": 29468,
    "index": 34
  },
  {
    "name": "Load extend/context.js",
    "start": 1543322410092,
    "end": 1543322410128,
    "duration": 36,
    "pid": 29468,
    "index": 35
  },
  {
    "name": "Require(29) node_modules/egg-security/app/extend/context.js",
    "start": 1543322410092,
    "end": 1543322410099,
    "duration": 7,
    "pid": 29468,
    "index": 36
  },
  {
    "name": "Require(30) node_modules/egg-jsonp/app/extend/context.js",
    "start": 1543322410099,
    "end": 1543322410100,
    "duration": 1,
    "pid": 29468,
    "index": 37
  },
  {
    "name": "Require(31) node_modules/egg-i18n/app/extend/context.js",
    "start": 1543322410100,
    "end": 1543322410100,
    "duration": 0,
    "pid": 29468,
    "index": 38
  },
  {
    "name": "Require(32) node_modules/egg-multipart/app/extend/context.js",
    "start": 1543322410100,
    "end": 1543322410126,
    "duration": 26,
    "pid": 29468,
    "index": 39
  },
  {
    "name": "Require(33) node_modules/egg-view/app/extend/context.js",
    "start": 1543322410126,
    "end": 1543322410126,
    "duration": 0,
    "pid": 29468,
    "index": 40
  },
  {
    "name": "Require(34) node_modules/egg/app/extend/context.js",
    "start": 1543322410127,
    "end": 1543322410127,
    "duration": 0,
    "pid": 29468,
    "index": 41
  },
  {
    "name": "Load extend/helper.js",
    "start": 1543322410128,
    "end": 1543322410143,
    "duration": 15,
    "pid": 29468,
    "index": 42
  },
  {
    "name": "Require(35) node_modules/egg-security/app/extend/helper.js",
    "start": 1543322410128,
    "end": 1543322410136,
    "duration": 8,
    "pid": 29468,
    "index": 43
  },
  {
    "name": "Require(36) node_modules/egg/app/extend/helper.js",
    "start": 1543322410136,
    "end": 1543322410137,
    "duration": 1,
    "pid": 29468,
    "index": 44
  },
  {
    "name": "Require(37) app/extend/helper.js",
    "start": 1543322410137,
    "end": 1543322410142,
    "duration": 5,
    "pid": 29468,
    "index": 45
  },
  {
    "name": "Load app.js",
    "start": 1543322410143,
    "end": 1543322410160,
    "duration": 17,
    "pid": 29468,
    "index": 46
  },
  {
    "name": "Require(38) node_modules/egg-session/app.js",
    "start": 1543322410143,
    "end": 1543322410143,
    "duration": 0,
    "pid": 29468,
    "index": 47
  },
  {
    "name": "Require(39) node_modules/egg-security/app.js",
    "start": 1543322410143,
    "end": 1543322410144,
    "duration": 1,
    "pid": 29468,
    "index": 48
  },
  {
    "name": "Require(40) node_modules/egg-onerror/app.js",
    "start": 1543322410144,
    "end": 1543322410148,
    "duration": 4,
    "pid": 29468,
    "index": 49
  },
  {
    "name": "Require(41) node_modules/egg-i18n/app.js",
    "start": 1543322410148,
    "end": 1543322410156,
    "duration": 8,
    "pid": 29468,
    "index": 50
  },
  {
    "name": "Require(42) node_modules/egg-watcher/app.js",
    "start": 1543322410156,
    "end": 1543322410157,
    "duration": 1,
    "pid": 29468,
    "index": 51
  },
  {
    "name": "Require(43) node_modules/egg-schedule/app.js",
    "start": 1543322410157,
    "end": 1543322410158,
    "duration": 1,
    "pid": 29468,
    "index": 52
  },
  {
    "name": "Require(44) node_modules/egg-multipart/app.js",
    "start": 1543322410158,
    "end": 1543322410159,
    "duration": 1,
    "pid": 29468,
    "index": 53
  },
  {
    "name": "Require(45) node_modules/egg-development/app.js",
    "start": 1543322410159,
    "end": 1543322410159,
    "duration": 0,
    "pid": 29468,
    "index": 54
  },
  {
    "name": "Require(46) node_modules/egg-logrotator/app.js",
    "start": 1543322410159,
    "end": 1543322410159,
    "duration": 0,
    "pid": 29468,
    "index": 55
  },
  {
    "name": "Require(47) node_modules/egg-static/app.js",
    "start": 1543322410159,
    "end": 1543322410159,
    "duration": 0,
    "pid": 29468,
    "index": 56
  },
  {
    "name": "Require(48) node_modules/egg-sequelize/app.js",
    "start": 1543322410160,
    "end": 1543322410160,
    "duration": 0,
    "pid": 29468,
    "index": 57
  },
  {
    "name": "Before Start in node_modules/egg-watcher/lib/init.js:15:14",
    "start": 1543322410169,
    "end": 1543322410489,
    "duration": 320,
    "pid": 29468,
    "index": 58
  },
  {
    "name": "Load \"Symbol(model)\" to Application",
    "start": 1543322410387,
    "end": 1543322410397,
    "duration": 10,
    "pid": 29468,
    "index": 59
  },
  {
    "name": "Before Start in node_modules/egg-sequelize/lib/loader.js:39:7",
    "start": 1543322410399,
    "end": 1543322410507,
    "duration": 108,
    "pid": 29468,
    "index": 60
  },
  {
    "name": "Load Service",
    "start": 1543322410399,
    "end": 1543322410403,
    "duration": 4,
    "pid": 29468,
    "index": 61
  },
  {
    "name": "Load \"service\" to Context",
    "start": 1543322410400,
    "end": 1543322410403,
    "duration": 3,
    "pid": 29468,
    "index": 62
  },
  {
    "name": "Load Middleware",
    "start": 1543322410403,
    "end": 1543322410440,
    "duration": 37,
    "pid": 29468,
    "index": 63
  },
  {
    "name": "Load \"middlewares\" to Application",
    "start": 1543322410403,
    "end": 1543322410435,
    "duration": 32,
    "pid": 29468,
    "index": 64
  },
  {
    "name": "Load Controller",
    "start": 1543322410440,
    "end": 1543322410442,
    "duration": 2,
    "pid": 29468,
    "index": 65
  },
  {
    "name": "Load \"controller\" to Application",
    "start": 1543322410440,
    "end": 1543322410442,
    "duration": 2,
    "pid": 29468,
    "index": 66
  },
  {
    "name": "Load Router",
    "start": 1543322410442,
    "end": 1543322410445,
    "duration": 3,
    "pid": 29468,
    "index": 67
  },
  {
    "name": "Require(49) app/router.js",
    "start": 1543322410442,
    "end": 1543322410442,
    "duration": 0,
    "pid": 29468,
    "index": 68
  },
  {
    "name": "Before Start in node_modules/egg-core/lib/egg.js:287:10",
    "start": 1543322410443,
    "end": 1543322410457,
    "duration": 14,
    "pid": 29468,
    "index": 69
  }
]