[
  {
    "name": "Application Start",
    "start": 1543322480582,
    "end": 1543322481019,
    "duration": 437,
    "pid": 29481,
    "index": 0
  },
  {
    "name": "Load Plugin",
    "start": 1543322480586,
    "end": 1543322480593,
    "duration": 7,
    "pid": 29481,
    "index": 1
  },
  {
    "name": "Load Config",
    "start": 1543322480593,
    "end": 1543322480608,
    "duration": 15,
    "pid": 29481,
    "index": 2
  },
  {
    "name": "Require(0) config/config.default.js",
    "start": 1543322480593,
    "end": 1543322480593,
    "duration": 0,
    "pid": 29481,
    "index": 3
  },
  {
    "name": "Require(1) config/config.local.js",
    "start": 1543322480594,
    "end": 1543322480594,
    "duration": 0,
    "pid": 29481,
    "index": 4
  },
  {
    "name": "Require(2) node_modules/egg-session/config/config.default.js",
    "start": 1543322480594,
    "end": 1543322480595,
    "duration": 1,
    "pid": 29481,
    "index": 5
  },
  {
    "name": "Require(3) node_modules/egg-security/config/config.default.js",
    "start": 1543322480595,
    "end": 1543322480596,
    "duration": 1,
    "pid": 29481,
    "index": 6
  },
  {
    "name": "Require(4) node_modules/egg-jsonp/config/config.default.js",
    "start": 1543322480596,
    "end": 1543322480597,
    "duration": 1,
    "pid": 29481,
    "index": 7
  },
  {
    "name": "Require(5) node_modules/egg-onerror/config/config.default.js",
    "start": 1543322480597,
    "end": 1543322480597,
    "duration": 0,
    "pid": 29481,
    "index": 8
  },
  {
    "name": "Require(6) node_modules/egg-i18n/config/config.default.js",
    "start": 1543322480597,
    "end": 1543322480597,
    "duration": 0,
    "pid": 29481,
    "index": 9
  },
  {
    "name": "Require(7) node_modules/egg-watcher/config/config.default.js",
    "start": 1543322480598,
    "end": 1543322480598,
    "duration": 0,
    "pid": 29481,
    "index": 10
  },
  {
    "name": "Require(8) node_modules/egg-schedule/config/config.default.js",
    "start": 1543322480598,
    "end": 1543322480598,
    "duration": 0,
    "pid": 29481,
    "index": 11
  },
  {
    "name": "Require(9) node_modules/egg-multipart/config/config.default.js",
    "start": 1543322480598,
    "end": 1543322480599,
    "duration": 1,
    "pid": 29481,
    "index": 12
  },
  {
    "name": "Require(10) node_modules/egg-development/config/config.default.js",
    "start": 1543322480601,
    "end": 1543322480601,
    "duration": 0,
    "pid": 29481,
    "index": 13
  },
  {
    "name": "Require(11) node_modules/egg-logrotator/config/config.default.js",
    "start": 1543322480601,
    "end": 1543322480602,
    "duration": 1,
    "pid": 29481,
    "index": 14
  },
  {
    "name": "Require(12) node_modules/egg-static/config/config.default.js",
    "start": 1543322480603,
    "end": 1543322480603,
    "duration": 0,
    "pid": 29481,
    "index": 15
  },
  {
    "name": "Require(13) node_modules/egg-view/config/config.default.js",
    "start": 1543322480603,
    "end": 1543322480604,
    "duration": 1,
    "pid": 29481,
    "index": 16
  },
  {
    "name": "Require(14) node_modules/egg-sequelize/config/config.default.js",
    "start": 1543322480604,
    "end": 1543322480604,
    "duration": 0,
    "pid": 29481,
    "index": 17
  },
  {
    "name": "Require(15) node_modules/egg/config/config.default.js",
    "start": 1543322480604,
    "end": 1543322480605,
    "duration": 1,
    "pid": 29481,
    "index": 18
  },
  {
    "name": "Require(16) config/config.default.js",
    "start": 1543322480606,
    "end": 1543322480606,
    "duration": 0,
    "pid": 29481,
    "index": 19
  },
  {
    "name": "Require(17) node_modules/egg-security/config/config.local.js",
    "start": 1543322480606,
    "end": 1543322480606,
    "duration": 0,
    "pid": 29481,
    "index": 20
  },
  {
    "name": "Require(18) node_modules/egg-watcher/config/config.local.js",
    "start": 1543322480606,
    "end": 1543322480607,
    "duration": 1,
    "pid": 29481,
    "index": 21
  },
  {
    "name": "Require(19) node_modules/egg-view/config/config.local.js",
    "start": 1543322480607,
    "end": 1543322480607,
    "duration": 0,
    "pid": 29481,
    "index": 22
  },
  {
    "name": "Require(20) node_modules/egg/config/config.local.js",
    "start": 1543322480608,
    "end": 1543322480608,
    "duration": 0,
    "pid": 29481,
    "index": 23
  },
  {
    "name": "Require(21) config/config.local.js",
    "start": 1543322480608,
    "end": 1543322480608,
    "duration": 0,
    "pid": 29481,
    "index": 24
  },
  {
    "name": "Load extend/application.js",
    "start": 1543322480610,
    "end": 1543322480616,
    "duration": 6,
    "pid": 29481,
    "index": 25
  },
  {
    "name": "Require(22) node_modules/egg-session/app/extend/application.js",
    "start": 1543322480610,
    "end": 1543322480611,
    "duration": 1,
    "pid": 29481,
    "index": 26
  },
  {
    "name": "Require(23) node_modules/egg-security/app/extend/application.js",
    "start": 1543322480611,
    "end": 1543322480611,
    "duration": 0,
    "pid": 29481,
    "index": 27
  },
  {
    "name": "Require(24) node_modules/egg-jsonp/app/extend/application.js",
    "start": 1543322480611,
    "end": 1543322480612,
    "duration": 1,
    "pid": 29481,
    "index": 28
  },
  {
    "name": "Require(25) node_modules/egg-logrotator/app/extend/application.js",
    "start": 1543322480613,
    "end": 1543322480613,
    "duration": 0,
    "pid": 29481,
    "index": 29
  },
  {
    "name": "Require(26) node_modules/egg-view/app/extend/application.js",
    "start": 1543322480613,
    "end": 1543322480614,
    "duration": 1,
    "pid": 29481,
    "index": 30
  },
  {
    "name": "Load extend/request.js",
    "start": 1543322480616,
    "end": 1543322480621,
    "duration": 5,
    "pid": 29481,
    "index": 31
  },
  {
    "name": "Require(27) node_modules/egg/app/extend/request.js",
    "start": 1543322480617,
    "end": 1543322480620,
    "duration": 3,
    "pid": 29481,
    "index": 32
  },
  {
    "name": "Load extend/response.js",
    "start": 1543322480621,
    "end": 1543322480624,
    "duration": 3,
    "pid": 29481,
    "index": 33
  },
  {
    "name": "Require(28) node_modules/egg/app/extend/response.js",
    "start": 1543322480623,
    "end": 1543322480624,
    "duration": 1,
    "pid": 29481,
    "index": 34
  },
  {
    "name": "Load extend/context.js",
    "start": 1543322480624,
    "end": 1543322480664,
    "duration": 40,
    "pid": 29481,
    "index": 35
  },
  {
    "name": "Require(29) node_modules/egg-security/app/extend/context.js",
    "start": 1543322480625,
    "end": 1543322480630,
    "duration": 5,
    "pid": 29481,
    "index": 36
  },
  {
    "name": "Require(30) node_modules/egg-jsonp/app/extend/context.js",
    "start": 1543322480631,
    "end": 1543322480631,
    "duration": 0,
    "pid": 29481,
    "index": 37
  },
  {
    "name": "Require(31) node_modules/egg-i18n/app/extend/context.js",
    "start": 1543322480632,
    "end": 1543322480632,
    "duration": 0,
    "pid": 29481,
    "index": 38
  },
  {
    "name": "Require(32) node_modules/egg-multipart/app/extend/context.js",
    "start": 1543322480632,
    "end": 1543322480661,
    "duration": 29,
    "pid": 29481,
    "index": 39
  },
  {
    "name": "Require(33) node_modules/egg-view/app/extend/context.js",
    "start": 1543322480661,
    "end": 1543322480662,
    "duration": 1,
    "pid": 29481,
    "index": 40
  },
  {
    "name": "Require(34) node_modules/egg/app/extend/context.js",
    "start": 1543322480662,
    "end": 1543322480663,
    "duration": 1,
    "pid": 29481,
    "index": 41
  },
  {
    "name": "Load extend/helper.js",
    "start": 1543322480664,
    "end": 1543322480681,
    "duration": 17,
    "pid": 29481,
    "index": 42
  },
  {
    "name": "Require(35) node_modules/egg-security/app/extend/helper.js",
    "start": 1543322480664,
    "end": 1543322480675,
    "duration": 11,
    "pid": 29481,
    "index": 43
  },
  {
    "name": "Require(36) node_modules/egg/app/extend/helper.js",
    "start": 1543322480676,
    "end": 1543322480679,
    "duration": 3,
    "pid": 29481,
    "index": 44
  },
  {
    "name": "Require(37) app/extend/helper.js",
    "start": 1543322480679,
    "end": 1543322480681,
    "duration": 2,
    "pid": 29481,
    "index": 45
  },
  {
    "name": "Load app.js",
    "start": 1543322480681,
    "end": 1543322480697,
    "duration": 16,
    "pid": 29481,
    "index": 46
  },
  {
    "name": "Require(38) node_modules/egg-session/app.js",
    "start": 1543322480681,
    "end": 1543322480682,
    "duration": 1,
    "pid": 29481,
    "index": 47
  },
  {
    "name": "Require(39) node_modules/egg-security/app.js",
    "start": 1543322480682,
    "end": 1543322480682,
    "duration": 0,
    "pid": 29481,
    "index": 48
  },
  {
    "name": "Require(40) node_modules/egg-onerror/app.js",
    "start": 1543322480682,
    "end": 1543322480686,
    "duration": 4,
    "pid": 29481,
    "index": 49
  },
  {
    "name": "Require(41) node_modules/egg-i18n/app.js",
    "start": 1543322480686,
    "end": 1543322480693,
    "duration": 7,
    "pid": 29481,
    "index": 50
  },
  {
    "name": "Require(42) node_modules/egg-watcher/app.js",
    "start": 1543322480693,
    "end": 1543322480694,
    "duration": 1,
    "pid": 29481,
    "index": 51
  },
  {
    "name": "Require(43) node_modules/egg-schedule/app.js",
    "start": 1543322480694,
    "end": 1543322480695,
    "duration": 1,
    "pid": 29481,
    "index": 52
  },
  {
    "name": "Require(44) node_modules/egg-multipart/app.js",
    "start": 1543322480695,
    "end": 1543322480696,
    "duration": 1,
    "pid": 29481,
    "index": 53
  },
  {
    "name": "Require(45) node_modules/egg-development/app.js",
    "start": 1543322480696,
    "end": 1543322480696,
    "duration": 0,
    "pid": 29481,
    "index": 54
  },
  {
    "name": "Require(46) node_modules/egg-logrotator/app.js",
    "start": 1543322480696,
    "end": 1543322480696,
    "duration": 0,
    "pid": 29481,
    "index": 55
  },
  {
    "name": "Require(47) node_modules/egg-static/app.js",
    "start": 1543322480696,
    "end": 1543322480696,
    "duration": 0,
    "pid": 29481,
    "index": 56
  },
  {
    "name": "Require(48) node_modules/egg-sequelize/app.js",
    "start": 1543322480696,
    "end": 1543322480696,
    "duration": 0,
    "pid": 29481,
    "index": 57
  },
  {
    "name": "Before Start in node_modules/egg-watcher/lib/init.js:15:14",
    "start": 1543322480706,
    "end": 1543322481001,
    "duration": 295,
    "pid": 29481,
    "index": 58
  },
  {
    "name": "Load \"Symbol(model)\" to Application",
    "start": 1543322480908,
    "end": 1543322480917,
    "duration": 9,
    "pid": 29481,
    "index": 59
  },
  {
    "name": "Before Start in node_modules/egg-sequelize/lib/loader.js:39:7",
    "start": 1543322480919,
    "end": 1543322481019,
    "duration": 100,
    "pid": 29481,
    "index": 60
  },
  {
    "name": "Load Service",
    "start": 1543322480919,
    "end": 1543322480922,
    "duration": 3,
    "pid": 29481,
    "index": 61
  },
  {
    "name": "Load \"service\" to Context",
    "start": 1543322480919,
    "end": 1543322480922,
    "duration": 3,
    "pid": 29481,
    "index": 62
  },
  {
    "name": "Load Middleware",
    "start": 1543322480923,
    "end": 1543322480960,
    "duration": 37,
    "pid": 29481,
    "index": 63
  },
  {
    "name": "Load \"middlewares\" to Application",
    "start": 1543322480923,
    "end": 1543322480954,
    "duration": 31,
    "pid": 29481,
    "index": 64
  },
  {
    "name": "Load Controller",
    "start": 1543322480960,
    "end": 1543322480962,
    "duration": 2,
    "pid": 29481,
    "index": 65
  },
  {
    "name": "Load \"controller\" to Application",
    "start": 1543322480960,
    "end": 1543322480962,
    "duration": 2,
    "pid": 29481,
    "index": 66
  },
  {
    "name": "Load Router",
    "start": 1543322480962,
    "end": 1543322480964,
    "duration": 2,
    "pid": 29481,
    "index": 67
  },
  {
    "name": "Require(49) app/router.js",
    "start": 1543322480962,
    "end": 1543322480962,
    "duration": 0,
    "pid": 29481,
    "index": 68
  },
  {
    "name": "Before Start in node_modules/egg-core/lib/egg.js:287:10",
    "start": 1543322480962,
    "end": 1543322480974,
    "duration": 12,
    "pid": 29481,
    "index": 69
  }
]