[
  {
    "name": "Application Start",
    "start": 1543322445272,
    "end": 1543322445688,
    "duration": 416,
    "pid": 29471,
    "index": 0
  },
  {
    "name": "Load Plugin",
    "start": 1543322445276,
    "end": 1543322445281,
    "duration": 5,
    "pid": 29471,
    "index": 1
  },
  {
    "name": "Load Config",
    "start": 1543322445282,
    "end": 1543322445293,
    "duration": 11,
    "pid": 29471,
    "index": 2
  },
  {
    "name": "Require(0) config/config.default.js",
    "start": 1543322445282,
    "end": 1543322445282,
    "duration": 0,
    "pid": 29471,
    "index": 3
  },
  {
    "name": "Require(1) config/config.local.js",
    "start": 1543322445283,
    "end": 1543322445283,
    "duration": 0,
    "pid": 29471,
    "index": 4
  },
  {
    "name": "Require(2) node_modules/egg-session/config/config.default.js",
    "start": 1543322445283,
    "end": 1543322445283,
    "duration": 0,
    "pid": 29471,
    "index": 5
  },
  {
    "name": "Require(3) node_modules/egg-security/config/config.default.js",
    "start": 1543322445284,
    "end": 1543322445285,
    "duration": 1,
    "pid": 29471,
    "index": 6
  },
  {
    "name": "Require(4) node_modules/egg-jsonp/config/config.default.js",
    "start": 1543322445287,
    "end": 1543322445287,
    "duration": 0,
    "pid": 29471,
    "index": 7
  },
  {
    "name": "Require(5) node_modules/egg-onerror/config/config.default.js",
    "start": 1543322445287,
    "end": 1543322445287,
    "duration": 0,
    "pid": 29471,
    "index": 8
  },
  {
    "name": "Require(6) node_modules/egg-i18n/config/config.default.js",
    "start": 1543322445287,
    "end": 1543322445288,
    "duration": 1,
    "pid": 29471,
    "index": 9
  },
  {
    "name": "Require(7) node_modules/egg-watcher/config/config.default.js",
    "start": 1543322445288,
    "end": 1543322445288,
    "duration": 0,
    "pid": 29471,
    "index": 10
  },
  {
    "name": "Require(8) node_modules/egg-schedule/config/config.default.js",
    "start": 1543322445288,
    "end": 1543322445288,
    "duration": 0,
    "pid": 29471,
    "index": 11
  },
  {
    "name": "Require(9) node_modules/egg-multipart/config/config.default.js",
    "start": 1543322445289,
    "end": 1543322445289,
    "duration": 0,
    "pid": 29471,
    "index": 12
  },
  {
    "name": "Require(10) node_modules/egg-development/config/config.default.js",
    "start": 1543322445289,
    "end": 1543322445289,
    "duration": 0,
    "pid": 29471,
    "index": 13
  },
  {
    "name": "Require(11) node_modules/egg-logrotator/config/config.default.js",
    "start": 1543322445289,
    "end": 1543322445289,
    "duration": 0,
    "pid": 29471,
    "index": 14
  },
  {
    "name": "Require(12) node_modules/egg-static/config/config.default.js",
    "start": 1543322445290,
    "end": 1543322445290,
    "duration": 0,
    "pid": 29471,
    "index": 15
  },
  {
    "name": "Require(13) node_modules/egg-view/config/config.default.js",
    "start": 1543322445290,
    "end": 1543322445290,
    "duration": 0,
    "pid": 29471,
    "index": 16
  },
  {
    "name": "Require(14) node_modules/egg-sequelize/config/config.default.js",
    "start": 1543322445290,
    "end": 1543322445290,
    "duration": 0,
    "pid": 29471,
    "index": 17
  },
  {
    "name": "Require(15) node_modules/egg/config/config.default.js",
    "start": 1543322445291,
    "end": 1543322445291,
    "duration": 0,
    "pid": 29471,
    "index": 18
  },
  {
    "name": "Require(16) config/config.default.js",
    "start": 1543322445292,
    "end": 1543322445292,
    "duration": 0,
    "pid": 29471,
    "index": 19
  },
  {
    "name": "Require(17) node_modules/egg-security/config/config.local.js",
    "start": 1543322445292,
    "end": 1543322445292,
    "duration": 0,
    "pid": 29471,
    "index": 20
  },
  {
    "name": "Require(18) node_modules/egg-watcher/config/config.local.js",
    "start": 1543322445293,
    "end": 1543322445293,
    "duration": 0,
    "pid": 29471,
    "index": 21
  },
  {
    "name": "Require(19) node_modules/egg-view/config/config.local.js",
    "start": 1543322445293,
    "end": 1543322445293,
    "duration": 0,
    "pid": 29471,
    "index": 22
  },
  {
    "name": "Require(20) node_modules/egg/config/config.local.js",
    "start": 1543322445293,
    "end": 1543322445293,
    "duration": 0,
    "pid": 29471,
    "index": 23
  },
  {
    "name": "Require(21) config/config.local.js",
    "start": 1543322445293,
    "end": 1543322445293,
    "duration": 0,
    "pid": 29471,
    "index": 24
  },
  {
    "name": "Load extend/application.js",
    "start": 1543322445295,
    "end": 1543322445298,
    "duration": 3,
    "pid": 29471,
    "index": 25
  },
  {
    "name": "Require(22) node_modules/egg-session/app/extend/application.js",
    "start": 1543322445295,
    "end": 1543322445295,
    "duration": 0,
    "pid": 29471,
    "index": 26
  },
  {
    "name": "Require(23) node_modules/egg-security/app/extend/application.js",
    "start": 1543322445295,
    "end": 1543322445296,
    "duration": 1,
    "pid": 29471,
    "index": 27
  },
  {
    "name": "Require(24) node_modules/egg-jsonp/app/extend/application.js",
    "start": 1543322445296,
    "end": 1543322445296,
    "duration": 0,
    "pid": 29471,
    "index": 28
  },
  {
    "name": "Require(25) node_modules/egg-logrotator/app/extend/application.js",
    "start": 1543322445297,
    "end": 1543322445297,
    "duration": 0,
    "pid": 29471,
    "index": 29
  },
  {
    "name": "Require(26) node_modules/egg-view/app/extend/application.js",
    "start": 1543322445297,
    "end": 1543322445298,
    "duration": 1,
    "pid": 29471,
    "index": 30
  },
  {
    "name": "Load extend/request.js",
    "start": 1543322445298,
    "end": 1543322445301,
    "duration": 3,
    "pid": 29471,
    "index": 31
  },
  {
    "name": "Require(27) node_modules/egg/app/extend/request.js",
    "start": 1543322445299,
    "end": 1543322445301,
    "duration": 2,
    "pid": 29471,
    "index": 32
  },
  {
    "name": "Load extend/response.js",
    "start": 1543322445302,
    "end": 1543322445303,
    "duration": 1,
    "pid": 29471,
    "index": 33
  },
  {
    "name": "Require(28) node_modules/egg/app/extend/response.js",
    "start": 1543322445302,
    "end": 1543322445303,
    "duration": 1,
    "pid": 29471,
    "index": 34
  },
  {
    "name": "Load extend/context.js",
    "start": 1543322445303,
    "end": 1543322445343,
    "duration": 40,
    "pid": 29471,
    "index": 35
  },
  {
    "name": "Require(29) node_modules/egg-security/app/extend/context.js",
    "start": 1543322445303,
    "end": 1543322445309,
    "duration": 6,
    "pid": 29471,
    "index": 36
  },
  {
    "name": "Require(30) node_modules/egg-jsonp/app/extend/context.js",
    "start": 1543322445309,
    "end": 1543322445309,
    "duration": 0,
    "pid": 29471,
    "index": 37
  },
  {
    "name": "Require(31) node_modules/egg-i18n/app/extend/context.js",
    "start": 1543322445310,
    "end": 1543322445310,
    "duration": 0,
    "pid": 29471,
    "index": 38
  },
  {
    "name": "Require(32) node_modules/egg-multipart/app/extend/context.js",
    "start": 1543322445310,
    "end": 1543322445341,
    "duration": 31,
    "pid": 29471,
    "index": 39
  },
  {
    "name": "Require(33) node_modules/egg-view/app/extend/context.js",
    "start": 1543322445341,
    "end": 1543322445342,
    "duration": 1,
    "pid": 29471,
    "index": 40
  },
  {
    "name": "Require(34) node_modules/egg/app/extend/context.js",
    "start": 1543322445342,
    "end": 1543322445342,
    "duration": 0,
    "pid": 29471,
    "index": 41
  },
  {
    "name": "Load extend/helper.js",
    "start": 1543322445343,
    "end": 1543322445352,
    "duration": 9,
    "pid": 29471,
    "index": 42
  },
  {
    "name": "Require(35) node_modules/egg-security/app/extend/helper.js",
    "start": 1543322445343,
    "end": 1543322445349,
    "duration": 6,
    "pid": 29471,
    "index": 43
  },
  {
    "name": "Require(36) node_modules/egg/app/extend/helper.js",
    "start": 1543322445349,
    "end": 1543322445350,
    "duration": 1,
    "pid": 29471,
    "index": 44
  },
  {
    "name": "Require(37) app/extend/helper.js",
    "start": 1543322445350,
    "end": 1543322445351,
    "duration": 1,
    "pid": 29471,
    "index": 45
  },
  {
    "name": "Load app.js",
    "start": 1543322445352,
    "end": 1543322445366,
    "duration": 14,
    "pid": 29471,
    "index": 46
  },
  {
    "name": "Require(38) node_modules/egg-session/app.js",
    "start": 1543322445352,
    "end": 1543322445352,
    "duration": 0,
    "pid": 29471,
    "index": 47
  },
  {
    "name": "Require(39) node_modules/egg-security/app.js",
    "start": 1543322445352,
    "end": 1543322445353,
    "duration": 1,
    "pid": 29471,
    "index": 48
  },
  {
    "name": "Require(40) node_modules/egg-onerror/app.js",
    "start": 1543322445353,
    "end": 1543322445356,
    "duration": 3,
    "pid": 29471,
    "index": 49
  },
  {
    "name": "Require(41) node_modules/egg-i18n/app.js",
    "start": 1543322445356,
    "end": 1543322445362,
    "duration": 6,
    "pid": 29471,
    "index": 50
  },
  {
    "name": "Require(42) node_modules/egg-watcher/app.js",
    "start": 1543322445362,
    "end": 1543322445363,
    "duration": 1,
    "pid": 29471,
    "index": 51
  },
  {
    "name": "Require(43) node_modules/egg-schedule/app.js",
    "start": 1543322445363,
    "end": 1543322445364,
    "duration": 1,
    "pid": 29471,
    "index": 52
  },
  {
    "name": "Require(44) node_modules/egg-multipart/app.js",
    "start": 1543322445364,
    "end": 1543322445365,
    "duration": 1,
    "pid": 29471,
    "index": 53
  },
  {
    "name": "Require(45) node_modules/egg-development/app.js",
    "start": 1543322445365,
    "end": 1543322445365,
    "duration": 0,
    "pid": 29471,
    "index": 54
  },
  {
    "name": "Require(46) node_modules/egg-logrotator/app.js",
    "start": 1543322445365,
    "end": 1543322445365,
    "duration": 0,
    "pid": 29471,
    "index": 55
  },
  {
    "name": "Require(47) node_modules/egg-static/app.js",
    "start": 1543322445365,
    "end": 1543322445365,
    "duration": 0,
    "pid": 29471,
    "index": 56
  },
  {
    "name": "Require(48) node_modules/egg-sequelize/app.js",
    "start": 1543322445366,
    "end": 1543322445366,
    "duration": 0,
    "pid": 29471,
    "index": 57
  },
  {
    "name": "Before Start in node_modules/egg-watcher/lib/init.js:15:14",
    "start": 1543322445375,
    "end": 1543322445666,
    "duration": 291,
    "pid": 29471,
    "index": 58
  },
  {
    "name": "Load \"Symbol(model)\" to Application",
    "start": 1543322445572,
    "end": 1543322445582,
    "duration": 10,
    "pid": 29471,
    "index": 59
  },
  {
    "name": "Before Start in node_modules/egg-sequelize/lib/loader.js:39:7",
    "start": 1543322445584,
    "end": 1543322445688,
    "duration": 104,
    "pid": 29471,
    "index": 60
  },
  {
    "name": "Load Service",
    "start": 1543322445584,
    "end": 1543322445588,
    "duration": 4,
    "pid": 29471,
    "index": 61
  },
  {
    "name": "Load \"service\" to Context",
    "start": 1543322445584,
    "end": 1543322445588,
    "duration": 4,
    "pid": 29471,
    "index": 62
  },
  {
    "name": "Load Middleware",
    "start": 1543322445588,
    "end": 1543322445624,
    "duration": 36,
    "pid": 29471,
    "index": 63
  },
  {
    "name": "Load \"middlewares\" to Application",
    "start": 1543322445588,
    "end": 1543322445619,
    "duration": 31,
    "pid": 29471,
    "index": 64
  },
  {
    "name": "Load Controller",
    "start": 1543322445624,
    "end": 1543322445626,
    "duration": 2,
    "pid": 29471,
    "index": 65
  },
  {
    "name": "Load \"controller\" to Application",
    "start": 1543322445624,
    "end": 1543322445626,
    "duration": 2,
    "pid": 29471,
    "index": 66
  },
  {
    "name": "Load Router",
    "start": 1543322445626,
    "end": 1543322445629,
    "duration": 3,
    "pid": 29471,
    "index": 67
  },
  {
    "name": "Require(49) app/router.js",
    "start": 1543322445626,
    "end": 1543322445626,
    "duration": 0,
    "pid": 29471,
    "index": 68
  },
  {
    "name": "Before Start in node_modules/egg-core/lib/egg.js:287:10",
    "start": 1543322445626,
    "end": 1543322445639,
    "duration": 13,
    "pid": 29471,
    "index": 69
  }
]