[
  {
    "name": "Application Start",
    "start": 1543322247428,
    "end": 1543322247898,
    "duration": 470,
    "pid": 29449,
    "index": 0
  },
  {
    "name": "Load Plugin",
    "start": 1543322247432,
    "end": 1543322247438,
    "duration": 6,
    "pid": 29449,
    "index": 1
  },
  {
    "name": "Load Config",
    "start": 1543322247438,
    "end": 1543322247454,
    "duration": 16,
    "pid": 29449,
    "index": 2
  },
  {
    "name": "Require(0) config/config.default.js",
    "start": 1543322247438,
    "end": 1543322247439,
    "duration": 1,
    "pid": 29449,
    "index": 3
  },
  {
    "name": "Require(1) config/config.local.js",
    "start": 1543322247442,
    "end": 1543322247443,
    "duration": 1,
    "pid": 29449,
    "index": 4
  },
  {
    "name": "Require(2) node_modules/egg-session/config/config.default.js",
    "start": 1543322247443,
    "end": 1543322247443,
    "duration": 0,
    "pid": 29449,
    "index": 5
  },
  {
    "name": "Require(3) node_modules/egg-security/config/config.default.js",
    "start": 1543322247443,
    "end": 1543322247444,
    "duration": 1,
    "pid": 29449,
    "index": 6
  },
  {
    "name": "Require(4) node_modules/egg-jsonp/config/config.default.js",
    "start": 1543322247445,
    "end": 1543322247445,
    "duration": 0,
    "pid": 29449,
    "index": 7
  },
  {
    "name": "Require(5) node_modules/egg-onerror/config/config.default.js",
    "start": 1543322247445,
    "end": 1543322247445,
    "duration": 0,
    "pid": 29449,
    "index": 8
  },
  {
    "name": "Require(6) node_modules/egg-i18n/config/config.default.js",
    "start": 1543322247445,
    "end": 1543322247446,
    "duration": 1,
    "pid": 29449,
    "index": 9
  },
  {
    "name": "Require(7) node_modules/egg-watcher/config/config.default.js",
    "start": 1543322247446,
    "end": 1543322247446,
    "duration": 0,
    "pid": 29449,
    "index": 10
  },
  {
    "name": "Require(8) node_modules/egg-schedule/config/config.default.js",
    "start": 1543322247446,
    "end": 1543322247446,
    "duration": 0,
    "pid": 29449,
    "index": 11
  },
  {
    "name": "Require(9) node_modules/egg-multipart/config/config.default.js",
    "start": 1543322247447,
    "end": 1543322247447,
    "duration": 0,
    "pid": 29449,
    "index": 12
  },
  {
    "name": "Require(10) node_modules/egg-development/config/config.default.js",
    "start": 1543322247447,
    "end": 1543322247447,
    "duration": 0,
    "pid": 29449,
    "index": 13
  },
  {
    "name": "Require(11) node_modules/egg-logrotator/config/config.default.js",
    "start": 1543322247448,
    "end": 1543322247448,
    "duration": 0,
    "pid": 29449,
    "index": 14
  },
  {
    "name": "Require(12) node_modules/egg-static/config/config.default.js",
    "start": 1543322247450,
    "end": 1543322247450,
    "duration": 0,
    "pid": 29449,
    "index": 15
  },
  {
    "name": "Require(13) node_modules/egg-view/config/config.default.js",
    "start": 1543322247450,
    "end": 1543322247450,
    "duration": 0,
    "pid": 29449,
    "index": 16
  },
  {
    "name": "Require(14) node_modules/egg-sequelize/config/config.default.js",
    "start": 1543322247451,
    "end": 1543322247451,
    "duration": 0,
    "pid": 29449,
    "index": 17
  },
  {
    "name": "Require(15) node_modules/egg/config/config.default.js",
    "start": 1543322247451,
    "end": 1543322247451,
    "duration": 0,
    "pid": 29449,
    "index": 18
  },
  {
    "name": "Require(16) config/config.default.js",
    "start": 1543322247452,
    "end": 1543322247452,
    "duration": 0,
    "pid": 29449,
    "index": 19
  },
  {
    "name": "Require(17) node_modules/egg-security/config/config.local.js",
    "start": 1543322247452,
    "end": 1543322247452,
    "duration": 0,
    "pid": 29449,
    "index": 20
  },
  {
    "name": "Require(18) node_modules/egg-watcher/config/config.local.js",
    "start": 1543322247453,
    "end": 1543322247453,
    "duration": 0,
    "pid": 29449,
    "index": 21
  },
  {
    "name": "Require(19) node_modules/egg-view/config/config.local.js",
    "start": 1543322247453,
    "end": 1543322247453,
    "duration": 0,
    "pid": 29449,
    "index": 22
  },
  {
    "name": "Require(20) node_modules/egg/config/config.local.js",
    "start": 1543322247453,
    "end": 1543322247453,
    "duration": 0,
    "pid": 29449,
    "index": 23
  },
  {
    "name": "Require(21) config/config.local.js",
    "start": 1543322247454,
    "end": 1543322247454,
    "duration": 0,
    "pid": 29449,
    "index": 24
  },
  {
    "name": "Load extend/application.js",
    "start": 1543322247455,
    "end": 1543322247462,
    "duration": 7,
    "pid": 29449,
    "index": 25
  },
  {
    "name": "Require(22) node_modules/egg-session/app/extend/application.js",
    "start": 1543322247455,
    "end": 1543322247455,
    "duration": 0,
    "pid": 29449,
    "index": 26
  },
  {
    "name": "Require(23) node_modules/egg-security/app/extend/application.js",
    "start": 1543322247456,
    "end": 1543322247458,
    "duration": 2,
    "pid": 29449,
    "index": 27
  },
  {
    "name": "Require(24) node_modules/egg-jsonp/app/extend/application.js",
    "start": 1543322247458,
    "end": 1543322247460,
    "duration": 2,
    "pid": 29449,
    "index": 28
  },
  {
    "name": "Require(25) node_modules/egg-logrotator/app/extend/application.js",
    "start": 1543322247460,
    "end": 1543322247460,
    "duration": 0,
    "pid": 29449,
    "index": 29
  },
  {
    "name": "Require(26) node_modules/egg-view/app/extend/application.js",
    "start": 1543322247461,
    "end": 1543322247461,
    "duration": 0,
    "pid": 29449,
    "index": 30
  },
  {
    "name": "Load extend/request.js",
    "start": 1543322247462,
    "end": 1543322247466,
    "duration": 4,
    "pid": 29449,
    "index": 31
  },
  {
    "name": "Require(27) node_modules/egg/app/extend/request.js",
    "start": 1543322247462,
    "end": 1543322247465,
    "duration": 3,
    "pid": 29449,
    "index": 32
  },
  {
    "name": "Load extend/response.js",
    "start": 1543322247466,
    "end": 1543322247467,
    "duration": 1,
    "pid": 29449,
    "index": 33
  },
  {
    "name": "Require(28) node_modules/egg/app/extend/response.js",
    "start": 1543322247467,
    "end": 1543322247467,
    "duration": 0,
    "pid": 29449,
    "index": 34
  },
  {
    "name": "Load extend/context.js",
    "start": 1543322247467,
    "end": 1543322247512,
    "duration": 45,
    "pid": 29449,
    "index": 35
  },
  {
    "name": "Require(29) node_modules/egg-security/app/extend/context.js",
    "start": 1543322247468,
    "end": 1543322247475,
    "duration": 7,
    "pid": 29449,
    "index": 36
  },
  {
    "name": "Require(30) node_modules/egg-jsonp/app/extend/context.js",
    "start": 1543322247475,
    "end": 1543322247476,
    "duration": 1,
    "pid": 29449,
    "index": 37
  },
  {
    "name": "Require(31) node_modules/egg-i18n/app/extend/context.js",
    "start": 1543322247476,
    "end": 1543322247476,
    "duration": 0,
    "pid": 29449,
    "index": 38
  },
  {
    "name": "Require(32) node_modules/egg-multipart/app/extend/context.js",
    "start": 1543322247476,
    "end": 1543322247510,
    "duration": 34,
    "pid": 29449,
    "index": 39
  },
  {
    "name": "Require(33) node_modules/egg-view/app/extend/context.js",
    "start": 1543322247510,
    "end": 1543322247511,
    "duration": 1,
    "pid": 29449,
    "index": 40
  },
  {
    "name": "Require(34) node_modules/egg/app/extend/context.js",
    "start": 1543322247511,
    "end": 1543322247511,
    "duration": 0,
    "pid": 29449,
    "index": 41
  },
  {
    "name": "Load extend/helper.js",
    "start": 1543322247512,
    "end": 1543322247522,
    "duration": 10,
    "pid": 29449,
    "index": 42
  },
  {
    "name": "Require(35) node_modules/egg-security/app/extend/helper.js",
    "start": 1543322247512,
    "end": 1543322247519,
    "duration": 7,
    "pid": 29449,
    "index": 43
  },
  {
    "name": "Require(36) node_modules/egg/app/extend/helper.js",
    "start": 1543322247519,
    "end": 1543322247519,
    "duration": 0,
    "pid": 29449,
    "index": 44
  },
  {
    "name": "Require(37) app/extend/helper.js",
    "start": 1543322247519,
    "end": 1543322247521,
    "duration": 2,
    "pid": 29449,
    "index": 45
  },
  {
    "name": "Load app.js",
    "start": 1543322247522,
    "end": 1543322247539,
    "duration": 17,
    "pid": 29449,
    "index": 46
  },
  {
    "name": "Require(38) node_modules/egg-session/app.js",
    "start": 1543322247522,
    "end": 1543322247522,
    "duration": 0,
    "pid": 29449,
    "index": 47
  },
  {
    "name": "Require(39) node_modules/egg-security/app.js",
    "start": 1543322247523,
    "end": 1543322247524,
    "duration": 1,
    "pid": 29449,
    "index": 48
  },
  {
    "name": "Require(40) node_modules/egg-onerror/app.js",
    "start": 1543322247524,
    "end": 1543322247528,
    "duration": 4,
    "pid": 29449,
    "index": 49
  },
  {
    "name": "Require(41) node_modules/egg-i18n/app.js",
    "start": 1543322247528,
    "end": 1543322247534,
    "duration": 6,
    "pid": 29449,
    "index": 50
  },
  {
    "name": "Require(42) node_modules/egg-watcher/app.js",
    "start": 1543322247535,
    "end": 1543322247536,
    "duration": 1,
    "pid": 29449,
    "index": 51
  },
  {
    "name": "Require(43) node_modules/egg-schedule/app.js",
    "start": 1543322247536,
    "end": 1543322247536,
    "duration": 0,
    "pid": 29449,
    "index": 52
  },
  {
    "name": "Require(44) node_modules/egg-multipart/app.js",
    "start": 1543322247536,
    "end": 1543322247537,
    "duration": 1,
    "pid": 29449,
    "index": 53
  },
  {
    "name": "Require(45) node_modules/egg-development/app.js",
    "start": 1543322247537,
    "end": 1543322247538,
    "duration": 1,
    "pid": 29449,
    "index": 54
  },
  {
    "name": "Require(46) node_modules/egg-logrotator/app.js",
    "start": 1543322247538,
    "end": 1543322247538,
    "duration": 0,
    "pid": 29449,
    "index": 55
  },
  {
    "name": "Require(47) node_modules/egg-static/app.js",
    "start": 1543322247538,
    "end": 1543322247538,
    "duration": 0,
    "pid": 29449,
    "index": 56
  },
  {
    "name": "Require(48) node_modules/egg-sequelize/app.js",
    "start": 1543322247539,
    "end": 1543322247539,
    "duration": 0,
    "pid": 29449,
    "index": 57
  },
  {
    "name": "Before Start in node_modules/egg-watcher/lib/init.js:15:14",
    "start": 1543322247550,
    "end": 1543322247877,
    "duration": 327,
    "pid": 29449,
    "index": 58
  },
  {
    "name": "Load \"Symbol(model)\" to Application",
    "start": 1543322247773,
    "end": 1543322247784,
    "duration": 11,
    "pid": 29449,
    "index": 59
  },
  {
    "name": "Before Start in node_modules/egg-sequelize/lib/loader.js:39:7",
    "start": 1543322247786,
    "end": 1543322247898,
    "duration": 112,
    "pid": 29449,
    "index": 60
  },
  {
    "name": "Load Service",
    "start": 1543322247786,
    "end": 1543322247791,
    "duration": 5,
    "pid": 29449,
    "index": 61
  },
  {
    "name": "Load \"service\" to Context",
    "start": 1543322247786,
    "end": 1543322247791,
    "duration": 5,
    "pid": 29449,
    "index": 62
  },
  {
    "name": "Load Middleware",
    "start": 1543322247792,
    "end": 1543322247831,
    "duration": 39,
    "pid": 29449,
    "index": 63
  },
  {
    "name": "Load \"middlewares\" to Application",
    "start": 1543322247792,
    "end": 1543322247826,
    "duration": 34,
    "pid": 29449,
    "index": 64
  },
  {
    "name": "Load Controller",
    "start": 1543322247832,
    "end": 1543322247834,
    "duration": 2,
    "pid": 29449,
    "index": 65
  },
  {
    "name": "Load \"controller\" to Application",
    "start": 1543322247832,
    "end": 1543322247834,
    "duration": 2,
    "pid": 29449,
    "index": 66
  },
  {
    "name": "Load Router",
    "start": 1543322247834,
    "end": 1543322247836,
    "duration": 2,
    "pid": 29449,
    "index": 67
  },
  {
    "name": "Require(49) app/router.js",
    "start": 1543322247834,
    "end": 1543322247834,
    "duration": 0,
    "pid": 29449,
    "index": 68
  },
  {
    "name": "Before Start in node_modules/egg-core/lib/egg.js:287:10",
    "start": 1543322247834,
    "end": 1543322247848,
    "duration": 14,
    "pid": 29449,
    "index": 69
  }
]