{
  "config": {
    "session": {
      "maxAge": 86400000,
      "key": "EGG_SESS",
      "httpOnly": true,
      "encrypt": true,
      "overwrite": true,
      "signed": true,
      "autoCommit": true,
      "encode": "<Function encode>",
      "decode": "<Function decode>",
      "genid": "<Function anonymous>"
    },
    "security": {
      "domainWhiteList": [],
      "protocolWhiteList": [],
      "defaultMiddleware": "csrf,hsts,methodnoallow,noopen,nosniff,csp,xssProtection,xframe,dta",
      "csrf": {
        "enable": false,
        "useSession": false,
        "ignoreJSON": false,
        "cookieName": "csrfToken",
        "sessionName": "csrfToken",
        "headerName": "x-csrf-token",
        "bodyName": "_csrf",
        "queryName": "_csrf"
      },
      "xframe": {
        "enable": true,
        "value": "SAMEORIGIN",
        "matching": "<Function anonymous>"
      },
      "hsts": {
        "enable": false,
        "maxAge": 31536000,
        "includeSubdomains": false
      },
      "dta": {
        "enable": true,
        "matching": "<Function anonymous>"
      },
      "methodnoallow": {
        "enable": true,
        "matching": "<Function anonymous>"
      },
      "noopen": {
        "enable": true,
        "matching": "<Function anonymous>"
      },
      "nosniff": {
        "enable": true,
        "matching": "<Function anonymous>"
      },
      "referrerPolicy": {
        "enable": false,
        "value": "no-referrer-when-downgrade"
      },
      "xssProtection": {
        "enable": true,
        "value": "1; mode=block",
        "matching": "<Function anonymous>"
      },
      "csp": {
        "enable": false,
        "policy": {}
      },
      "ssrf": {
        "ipBlackList": null,
        "checkAddress": null
      },
      "_protocolWhiteListSet": "<Set>"
    },
    "helper": {
      "shtml": {}
    },
    "jsonp": {
      "limit": 50,
      "callback": [
        "_callback",
        "callback"
      ],
      "csrf": false
    },
    "onerror": {
      "errorPageUrl": "",
      "appErrorFilter": null,
      "templatePath": "/Users/mac/Roy_Doc/webSite/admin/server/node_modules/egg-onerror/lib/onerror_page.mustache"
    },
    "i18n": {
      "defaultLocale": "en_US",
      "dirs": [
        "/Users/mac/Roy_Doc/webSite/admin/server/node_modules/egg-session/config/locales",
        "/Users/mac/Roy_Doc/webSite/admin/server/node_modules/egg-security/config/locales",
        "/Users/mac/Roy_Doc/webSite/admin/server/node_modules/egg-jsonp/config/locales",
        "/Users/mac/Roy_Doc/webSite/admin/server/node_modules/egg-onerror/config/locales",
        "/Users/mac/Roy_Doc/webSite/admin/server/node_modules/egg-i18n/config/locales",
        "/Users/mac/Roy_Doc/webSite/admin/server/node_modules/egg-watcher/config/locales",
        "/Users/mac/Roy_Doc/webSite/admin/server/node_modules/egg-schedule/config/locales",
        "/Users/mac/Roy_Doc/webSite/admin/server/node_modules/egg-multipart/config/locales",
        "/Users/mac/Roy_Doc/webSite/admin/server/node_modules/egg-development/config/locales",
        "/Users/mac/Roy_Doc/webSite/admin/server/node_modules/egg-logrotator/config/locales",
        "/Users/mac/Roy_Doc/webSite/admin/server/node_modules/egg-static/config/locales",
        "/Users/mac/Roy_Doc/webSite/admin/server/node_modules/egg-view/config/locales",
        "/Users/mac/Roy_Doc/webSite/admin/server/node_modules/egg-sequelize/config/locales",
        "/Users/mac/Roy_Doc/webSite/admin/server/node_modules/egg/config/locales",
        "/Users/mac/Roy_Doc/webSite/admin/server/config/locales"
      ],
      "queryField": "locale",
      "cookieField": "locale",
      "cookieMaxAge": "1y",
      "functionName": "__"
    },
    "watcher": {
      "type": "development",
      "eventSources": {
        "default": "/Users/mac/Roy_Doc/webSite/admin/server/node_modules/egg-watcher/lib/event-sources/default",
        "development": "/Users/mac/Roy_Doc/webSite/admin/server/node_modules/egg-watcher/lib/event-sources/development"
      }
    },
    "customLogger": {
      "scheduleLogger": {
        "consoleLevel": "NONE",
        "file": "/Users/mac/Roy_Doc/webSite/admin/server/logs/sequelize-example/egg-schedule.log"
      }
    },
    "multipart": {
      "mode": "stream",
      "autoFields": false,
      "defaultCharset": "utf8",
      "fieldNameSize": 100,
      "fieldSize": 102400,
      "fields": 10,
      "fileSize": 10485760,
      "files": 10,
      "fileExtensions": [],
      "whitelist": null,
      "tmpdir": "/var/folders/6v/0zldfyh534bc8hhy7mmrk_h00000gn/T/egg-multipart-tmp/sequelize-example",
      "cleanSchedule": {
        "cron": "0 30 4 * * *"
      }
    },
    "development": {
      "watchDirs": [],
      "ignoreDirs": [],
      "fastReady": false,
      "reloadOnDebug": true,
      "overrideDefault": false
    },
    "logrotator": {
      "filesRotateByHour": null,
      "hourDelimiter": "-",
      "filesRotateBySize": null,
      "maxFileSize": 52428800,
      "maxFiles": 10,
      "rotateDuration": 60000,
      "maxDays": 31
    },
    "static": {
      "prefix": "/public/",
      "dir": "/Users/mac/Roy_Doc/webSite/admin/server/app/public",
      "dynamic": true,
      "preload": false,
      "buffer": false,
      "maxFiles": 1000,
      "files": "<LRU>"
    },
    "view": {
      "root": "/Users/mac/Roy_Doc/webSite/admin/server/app/view",
      "cache": false,
      "defaultExtension": ".html",
      "defaultViewEngine": "",
      "mapping": {}
    },
    "sequelize": {
      "dialect": "mysql",
      "database": "web-development",
      "host": "127.0.0.1",
      "port": 3306,
      "username": "root",
      "password": "<String len: 11>"
    },
    "env": "local",
    "name": "sequelize-example",
    "keys": "<String len: 35>",
    "proxy": false,
    "protocolHeaders": "x-forwarded-proto",
    "ipHeaders": "x-forwarded-for",
    "hostHeaders": "",
    "pkg": {
      "name": "sequelize-example",
      "version": "1.0.0",
      "description": "The egg example project that uses egg-sequelize plugin.",
      "private": true,
      "dependencies": {
        "egg": "^2.10.0",
        "egg-sequelize": "^4.0.1",
        "md5": "^2.2.1",
        "mysql2": "^1.6.1"
      },
      "devDependencies": {
        "autod": "^3.0.1",
        "egg-bin": "^4.8.1",
        "egg-mock": "^3.19.2",
        "factory-girl": "^5.0.2",
        "lodash": "^4.17.10",
        "sequelize-cli": "^4.0.0"
      },
      "engines": {
        "node": ">=8.9.0"
      },
      "scripts": {
        "dev": "egg-bin dev",
        "test": "NODE_ENV=test npm run sequelize -- db:migrate && egg-bin test",
        "cov": "egg-bin cov",
        "ci": "npm run cov",
        "autod": "autod",
        "sequelize": "sequelize --"
      },
      "author": "Roy Tang <roy_tang@linnk.net>",
      "license": "MIT"
    },
    "baseDir": "/Users/mac/Roy_Doc/webSite/admin/server",
    "HOME": "/Users/mac",
    "rundir": "/Users/mac/Roy_Doc/webSite/admin/server/run",
    "dump": {
      "ignore": "<Set>"
    },
    "confusedConfigurations": {
      "bodyparser": "bodyParser",
      "notFound": "notfound",
      "sitefile": "siteFile",
      "middlewares": "middleware",
      "httpClient": "httpclient"
    },
    "notfound": {
      "pageUrl": ""
    },
    "siteFile": {
      "/favicon.ico": "<Buffer len: 6463>"
    },
    "bodyParser": {
      "enable": true,
      "encoding": "utf8",
      "formLimit": "100kb",
      "jsonLimit": "100kb",
      "strict": true,
      "queryString": {
        "arrayLimit": 100,
        "depth": 5,
        "parameterLimit": 1000
      },
      "returnRawBody": true
    },
    "logger": {
      "dir": "/Users/mac/Roy_Doc/webSite/admin/server/logs/sequelize-example",
      "encoding": "utf8",
      "env": "local",
      "level": "INFO",
      "consoleLevel": "INFO",
      "disableConsoleAfterReady": false,
      "outputJSON": false,
      "buffer": true,
      "appLogName": "sequelize-example-web.log",
      "coreLogName": "egg-web.log",
      "agentLogName": "egg-agent.log",
      "errorLogName": "common-error.log",
      "coreLogger": {
        "consoleLevel": "WARN"
      },
      "allowDebugAtProd": false,
      "type": "application"
    },
    "httpclient": {
      "enableDNSCache": false,
      "dnsCacheLookupInterval": 10000,
      "dnsCacheMaxLength": 1000,
      "request": {
        "timeout": 5000
      },
      "httpAgent": {
        "keepAlive": true,
        "freeSocketTimeout": 4000,
        "maxSockets": 9007199254740991,
        "maxFreeSockets": 256
      },
      "httpsAgent": {
        "keepAlive": true,
        "freeSocketTimeout": 4000,
        "maxSockets": 9007199254740991,
        "maxFreeSockets": 256
      }
    },
    "meta": {
      "enable": true,
      "logging": false
    },
    "coreMiddleware": [
      "meta",
      "siteFile",
      "notfound",
      "static",
      "bodyParser",
      "overrideMethod",
      "session",
      "securities",
      "i18n",
      "eggLoaderTrace"
    ],
    "workerStartTimeout": 600000,
    "serverTimeout": null,
    "cluster": {
      "listen": {
        "path": "",
        "port": 7001,
        "hostname": ""
      }
    },
    "clusterClient": {
      "maxWaitTime": 60000,
      "responseTimeout": 60000
    },
    "onClientError": null,
    "coreMiddlewares": "~config~coreMiddleware",
    "appMiddlewares": [],
    "appMiddleware": "~config~appMiddlewares",
    "multipartParseOptions": {
      "autoFields": false,
      "defCharset": "utf8",
      "limits": {
        "fieldNameSize": 100,
        "fieldSize": 102400,
        "fields": 10,
        "fileSize": 10485760,
        "files": 10
      },
      "checkFile": "<Function checkFile>"
    }
  },
  "plugins": {
    "session": {
      "enable": true,
      "package": "egg-session",
      "name": "session",
      "dependencies": [],
      "optionalDependencies": [],
      "env": [],
      "from": "/Users/mac/Roy_Doc/webSite/admin/server/node_modules/egg/config/plugin.js",
      "path": "/Users/mac/Roy_Doc/webSite/admin/server/node_modules/egg-session",
      "version": "3.1.0"
    },
    "security": {
      "enable": true,
      "package": "egg-security",
      "name": "security",
      "dependencies": [],
      "optionalDependencies": [
        "session"
      ],
      "env": [],
      "from": "/Users/mac/Roy_Doc/webSite/admin/server/node_modules/egg/config/plugin.js",
      "path": "/Users/mac/Roy_Doc/webSite/admin/server/node_modules/egg-security",
      "version": "2.4.1"
    },
    "jsonp": {
      "enable": true,
      "package": "egg-jsonp",
      "name": "jsonp",
      "dependencies": [],
      "optionalDependencies": [
        "security"
      ],
      "env": [],
      "from": "/Users/mac/Roy_Doc/webSite/admin/server/node_modules/egg/config/plugin.js",
      "path": "/Users/mac/Roy_Doc/webSite/admin/server/node_modules/egg-jsonp",
      "version": "2.0.0"
    },
    "onerror": {
      "enable": true,
      "package": "egg-onerror",
      "name": "onerror",
      "dependencies": [],
      "optionalDependencies": [
        "jsonp"
      ],
      "env": [],
      "from": "/Users/mac/Roy_Doc/webSite/admin/server/node_modules/egg/config/plugin.js",
      "path": "/Users/mac/Roy_Doc/webSite/admin/server/node_modules/egg-onerror",
      "version": "2.1.0"
    },
    "i18n": {
      "enable": true,
      "package": "egg-i18n",
      "name": "i18n",
      "dependencies": [],
      "optionalDependencies": [],
      "env": [],
      "from": "/Users/mac/Roy_Doc/webSite/admin/server/node_modules/egg/config/plugin.js",
      "path": "/Users/mac/Roy_Doc/webSite/admin/server/node_modules/egg-i18n",
      "version": "2.0.0"
    },
    "watcher": {
      "enable": true,
      "package": "egg-watcher",
      "name": "watcher",
      "dependencies": [],
      "optionalDependencies": [],
      "env": [],
      "from": "/Users/mac/Roy_Doc/webSite/admin/server/node_modules/egg/config/plugin.js",
      "path": "/Users/mac/Roy_Doc/webSite/admin/server/node_modules/egg-watcher",
      "version": "3.1.0"
    },
    "schedule": {
      "enable": true,
      "package": "egg-schedule",
      "name": "schedule",
      "dependencies": [],
      "optionalDependencies": [],
      "env": [],
      "from": "/Users/mac/Roy_Doc/webSite/admin/server/node_modules/egg/config/plugin.js",
      "path": "/Users/mac/Roy_Doc/webSite/admin/server/node_modules/egg-schedule",
      "version": "3.4.0"
    },
    "multipart": {
      "enable": true,
      "package": "egg-multipart",
      "name": "multipart",
      "dependencies": [],
      "optionalDependencies": [
        "schedule"
      ],
      "env": [],
      "from": "/Users/mac/Roy_Doc/webSite/admin/server/node_modules/egg/config/plugin.js",
      "path": "/Users/mac/Roy_Doc/webSite/admin/server/node_modules/egg-multipart",
      "version": "2.3.0"
    },
    "development": {
      "enable": true,
      "package": "egg-development",
      "name": "development",
      "dependencies": [
        "watcher"
      ],
      "optionalDependencies": [],
      "env": [
        "local"
      ],
      "from": "/Users/mac/Roy_Doc/webSite/admin/server/node_modules/egg/config/plugin.js",
      "path": "/Users/mac/Roy_Doc/webSite/admin/server/node_modules/egg-development",
      "version": "2.4.1"
    },
    "logrotator": {
      "enable": true,
      "package": "egg-logrotator",
      "name": "logrotator",
      "dependencies": [
        "schedule"
      ],
      "optionalDependencies": [],
      "env": [],
      "from": "/Users/mac/Roy_Doc/webSite/admin/server/node_modules/egg/config/plugin.js",
      "path": "/Users/mac/Roy_Doc/webSite/admin/server/node_modules/egg-logrotator",
      "version": "3.0.4"
    },
    "static": {
      "enable": true,
      "package": "egg-static",
      "name": "static",
      "dependencies": [],
      "optionalDependencies": [],
      "env": [],
      "from": "/Users/mac/Roy_Doc/webSite/admin/server/node_modules/egg/config/plugin.js",
      "path": "/Users/mac/Roy_Doc/webSite/admin/server/node_modules/egg-static",
      "version": "2.1.1"
    },
    "view": {
      "enable": true,
      "package": "egg-view",
      "name": "view",
      "dependencies": [],
      "optionalDependencies": [],
      "env": [],
      "from": "/Users/mac/Roy_Doc/webSite/admin/server/node_modules/egg/config/plugin.js",
      "path": "/Users/mac/Roy_Doc/webSite/admin/server/node_modules/egg-view",
      "version": "2.1.0"
    },
    "sequelize": {
      "enable": true,
      "package": "egg-sequelize",
      "name": "sequelize",
      "dependencies": [],
      "optionalDependencies": [],
      "env": [],
      "from": "/Users/mac/Roy_Doc/webSite/admin/server/config/plugin.js",
      "path": "/Users/mac/Roy_Doc/webSite/admin/server/node_modules/egg-sequelize",
      "version": "4.2.0"
    }
  }
}