[
  {
    "name": "Application Start",
    "start": 1543322446105,
    "end": 1543322446586,
    "duration": 481,
    "pid": 29472,
    "index": 0
  },
  {
    "name": "Load Plugin",
    "start": 1543322446109,
    "end": 1543322446115,
    "duration": 6,
    "pid": 29472,
    "index": 1
  },
  {
    "name": "Load Config",
    "start": 1543322446116,
    "end": 1543322446131,
    "duration": 15,
    "pid": 29472,
    "index": 2
  },
  {
    "name": "Require(0) config/config.default.js",
    "start": 1543322446117,
    "end": 1543322446117,
    "duration": 0,
    "pid": 29472,
    "index": 3
  },
  {
    "name": "Require(1) config/config.local.js",
    "start": 1543322446119,
    "end": 1543322446119,
    "duration": 0,
    "pid": 29472,
    "index": 4
  },
  {
    "name": "Require(2) node_modules/egg-session/config/config.default.js",
    "start": 1543322446120,
    "end": 1543322446120,
    "duration": 0,
    "pid": 29472,
    "index": 5
  },
  {
    "name": "Require(3) node_modules/egg-security/config/config.default.js",
    "start": 1543322446120,
    "end": 1543322446121,
    "duration": 1,
    "pid": 29472,
    "index": 6
  },
  {
    "name": "Require(4) node_modules/egg-jsonp/config/config.default.js",
    "start": 1543322446122,
    "end": 1543322446122,
    "duration": 0,
    "pid": 29472,
    "index": 7
  },
  {
    "name": "Require(5) node_modules/egg-onerror/config/config.default.js",
    "start": 1543322446122,
    "end": 1543322446122,
    "duration": 0,
    "pid": 29472,
    "index": 8
  },
  {
    "name": "Require(6) node_modules/egg-i18n/config/config.default.js",
    "start": 1543322446122,
    "end": 1543322446122,
    "duration": 0,
    "pid": 29472,
    "index": 9
  },
  {
    "name": "Require(7) node_modules/egg-watcher/config/config.default.js",
    "start": 1543322446123,
    "end": 1543322446123,
    "duration": 0,
    "pid": 29472,
    "index": 10
  },
  {
    "name": "Require(8) node_modules/egg-schedule/config/config.default.js",
    "start": 1543322446125,
    "end": 1543322446125,
    "duration": 0,
    "pid": 29472,
    "index": 11
  },
  {
    "name": "Require(9) node_modules/egg-multipart/config/config.default.js",
    "start": 1543322446125,
    "end": 1543322446126,
    "duration": 1,
    "pid": 29472,
    "index": 12
  },
  {
    "name": "Require(10) node_modules/egg-development/config/config.default.js",
    "start": 1543322446126,
    "end": 1543322446126,
    "duration": 0,
    "pid": 29472,
    "index": 13
  },
  {
    "name": "Require(11) node_modules/egg-logrotator/config/config.default.js",
    "start": 1543322446126,
    "end": 1543322446127,
    "duration": 1,
    "pid": 29472,
    "index": 14
  },
  {
    "name": "Require(12) node_modules/egg-static/config/config.default.js",
    "start": 1543322446127,
    "end": 1543322446127,
    "duration": 0,
    "pid": 29472,
    "index": 15
  },
  {
    "name": "Require(13) node_modules/egg-view/config/config.default.js",
    "start": 1543322446127,
    "end": 1543322446127,
    "duration": 0,
    "pid": 29472,
    "index": 16
  },
  {
    "name": "Require(14) node_modules/egg-sequelize/config/config.default.js",
    "start": 1543322446127,
    "end": 1543322446128,
    "duration": 1,
    "pid": 29472,
    "index": 17
  },
  {
    "name": "Require(15) node_modules/egg/config/config.default.js",
    "start": 1543322446128,
    "end": 1543322446128,
    "duration": 0,
    "pid": 29472,
    "index": 18
  },
  {
    "name": "Require(16) config/config.default.js",
    "start": 1543322446129,
    "end": 1543322446129,
    "duration": 0,
    "pid": 29472,
    "index": 19
  },
  {
    "name": "Require(17) node_modules/egg-security/config/config.local.js",
    "start": 1543322446129,
    "end": 1543322446129,
    "duration": 0,
    "pid": 29472,
    "index": 20
  },
  {
    "name": "Require(18) node_modules/egg-watcher/config/config.local.js",
    "start": 1543322446130,
    "end": 1543322446130,
    "duration": 0,
    "pid": 29472,
    "index": 21
  },
  {
    "name": "Require(19) node_modules/egg-view/config/config.local.js",
    "start": 1543322446130,
    "end": 1543322446130,
    "duration": 0,
    "pid": 29472,
    "index": 22
  },
  {
    "name": "Require(20) node_modules/egg/config/config.local.js",
    "start": 1543322446130,
    "end": 1543322446130,
    "duration": 0,
    "pid": 29472,
    "index": 23
  },
  {
    "name": "Require(21) config/config.local.js",
    "start": 1543322446131,
    "end": 1543322446131,
    "duration": 0,
    "pid": 29472,
    "index": 24
  },
  {
    "name": "Load extend/application.js",
    "start": 1543322446132,
    "end": 1543322446136,
    "duration": 4,
    "pid": 29472,
    "index": 25
  },
  {
    "name": "Require(22) node_modules/egg-session/app/extend/application.js",
    "start": 1543322446132,
    "end": 1543322446132,
    "duration": 0,
    "pid": 29472,
    "index": 26
  },
  {
    "name": "Require(23) node_modules/egg-security/app/extend/application.js",
    "start": 1543322446132,
    "end": 1543322446133,
    "duration": 1,
    "pid": 29472,
    "index": 27
  },
  {
    "name": "Require(24) node_modules/egg-jsonp/app/extend/application.js",
    "start": 1543322446133,
    "end": 1543322446134,
    "duration": 1,
    "pid": 29472,
    "index": 28
  },
  {
    "name": "Require(25) node_modules/egg-logrotator/app/extend/application.js",
    "start": 1543322446134,
    "end": 1543322446135,
    "duration": 1,
    "pid": 29472,
    "index": 29
  },
  {
    "name": "Require(26) node_modules/egg-view/app/extend/application.js",
    "start": 1543322446135,
    "end": 1543322446136,
    "duration": 1,
    "pid": 29472,
    "index": 30
  },
  {
    "name": "Load extend/request.js",
    "start": 1543322446136,
    "end": 1543322446140,
    "duration": 4,
    "pid": 29472,
    "index": 31
  },
  {
    "name": "Require(27) node_modules/egg/app/extend/request.js",
    "start": 1543322446137,
    "end": 1543322446139,
    "duration": 2,
    "pid": 29472,
    "index": 32
  },
  {
    "name": "Load extend/response.js",
    "start": 1543322446140,
    "end": 1543322446142,
    "duration": 2,
    "pid": 29472,
    "index": 33
  },
  {
    "name": "Require(28) node_modules/egg/app/extend/response.js",
    "start": 1543322446140,
    "end": 1543322446141,
    "duration": 1,
    "pid": 29472,
    "index": 34
  },
  {
    "name": "Load extend/context.js",
    "start": 1543322446142,
    "end": 1543322446181,
    "duration": 39,
    "pid": 29472,
    "index": 35
  },
  {
    "name": "Require(29) node_modules/egg-security/app/extend/context.js",
    "start": 1543322446142,
    "end": 1543322446148,
    "duration": 6,
    "pid": 29472,
    "index": 36
  },
  {
    "name": "Require(30) node_modules/egg-jsonp/app/extend/context.js",
    "start": 1543322446148,
    "end": 1543322446149,
    "duration": 1,
    "pid": 29472,
    "index": 37
  },
  {
    "name": "Require(31) node_modules/egg-i18n/app/extend/context.js",
    "start": 1543322446149,
    "end": 1543322446150,
    "duration": 1,
    "pid": 29472,
    "index": 38
  },
  {
    "name": "Require(32) node_modules/egg-multipart/app/extend/context.js",
    "start": 1543322446151,
    "end": 1543322446179,
    "duration": 28,
    "pid": 29472,
    "index": 39
  },
  {
    "name": "Require(33) node_modules/egg-view/app/extend/context.js",
    "start": 1543322446180,
    "end": 1543322446180,
    "duration": 0,
    "pid": 29472,
    "index": 40
  },
  {
    "name": "Require(34) node_modules/egg/app/extend/context.js",
    "start": 1543322446180,
    "end": 1543322446181,
    "duration": 1,
    "pid": 29472,
    "index": 41
  },
  {
    "name": "Load extend/helper.js",
    "start": 1543322446182,
    "end": 1543322446199,
    "duration": 17,
    "pid": 29472,
    "index": 42
  },
  {
    "name": "Require(35) node_modules/egg-security/app/extend/helper.js",
    "start": 1543322446182,
    "end": 1543322446192,
    "duration": 10,
    "pid": 29472,
    "index": 43
  },
  {
    "name": "Require(36) node_modules/egg/app/extend/helper.js",
    "start": 1543322446192,
    "end": 1543322446197,
    "duration": 5,
    "pid": 29472,
    "index": 44
  },
  {
    "name": "Require(37) app/extend/helper.js",
    "start": 1543322446197,
    "end": 1543322446199,
    "duration": 2,
    "pid": 29472,
    "index": 45
  },
  {
    "name": "Load app.js",
    "start": 1543322446199,
    "end": 1543322446216,
    "duration": 17,
    "pid": 29472,
    "index": 46
  },
  {
    "name": "Require(38) node_modules/egg-session/app.js",
    "start": 1543322446199,
    "end": 1543322446200,
    "duration": 1,
    "pid": 29472,
    "index": 47
  },
  {
    "name": "Require(39) node_modules/egg-security/app.js",
    "start": 1543322446200,
    "end": 1543322446200,
    "duration": 0,
    "pid": 29472,
    "index": 48
  },
  {
    "name": "Require(40) node_modules/egg-onerror/app.js",
    "start": 1543322446200,
    "end": 1543322446205,
    "duration": 5,
    "pid": 29472,
    "index": 49
  },
  {
    "name": "Require(41) node_modules/egg-i18n/app.js",
    "start": 1543322446205,
    "end": 1543322446211,
    "duration": 6,
    "pid": 29472,
    "index": 50
  },
  {
    "name": "Require(42) node_modules/egg-watcher/app.js",
    "start": 1543322446211,
    "end": 1543322446212,
    "duration": 1,
    "pid": 29472,
    "index": 51
  },
  {
    "name": "Require(43) node_modules/egg-schedule/app.js",
    "start": 1543322446213,
    "end": 1543322446213,
    "duration": 0,
    "pid": 29472,
    "index": 52
  },
  {
    "name": "Require(44) node_modules/egg-multipart/app.js",
    "start": 1543322446213,
    "end": 1543322446214,
    "duration": 1,
    "pid": 29472,
    "index": 53
  },
  {
    "name": "Require(45) node_modules/egg-development/app.js",
    "start": 1543322446214,
    "end": 1543322446214,
    "duration": 0,
    "pid": 29472,
    "index": 54
  },
  {
    "name": "Require(46) node_modules/egg-logrotator/app.js",
    "start": 1543322446214,
    "end": 1543322446215,
    "duration": 1,
    "pid": 29472,
    "index": 55
  },
  {
    "name": "Require(47) node_modules/egg-static/app.js",
    "start": 1543322446215,
    "end": 1543322446215,
    "duration": 0,
    "pid": 29472,
    "index": 56
  },
  {
    "name": "Require(48) node_modules/egg-sequelize/app.js",
    "start": 1543322446215,
    "end": 1543322446215,
    "duration": 0,
    "pid": 29472,
    "index": 57
  },
  {
    "name": "Before Start in node_modules/egg-watcher/lib/init.js:15:14",
    "start": 1543322446226,
    "end": 1543322446562,
    "duration": 336,
    "pid": 29472,
    "index": 58
  },
  {
    "name": "Load \"Symbol(model)\" to Application",
    "start": 1543322446451,
    "end": 1543322446461,
    "duration": 10,
    "pid": 29472,
    "index": 59
  },
  {
    "name": "Before Start in node_modules/egg-sequelize/lib/loader.js:39:7",
    "start": 1543322446463,
    "end": 1543322446585,
    "duration": 122,
    "pid": 29472,
    "index": 60
  },
  {
    "name": "Load Service",
    "start": 1543322446463,
    "end": 1543322446466,
    "duration": 3,
    "pid": 29472,
    "index": 61
  },
  {
    "name": "Load \"service\" to Context",
    "start": 1543322446463,
    "end": 1543322446466,
    "duration": 3,
    "pid": 29472,
    "index": 62
  },
  {
    "name": "Load Middleware",
    "start": 1543322446467,
    "end": 1543322446506,
    "duration": 39,
    "pid": 29472,
    "index": 63
  },
  {
    "name": "Load \"middlewares\" to Application",
    "start": 1543322446467,
    "end": 1543322446500,
    "duration": 33,
    "pid": 29472,
    "index": 64
  },
  {
    "name": "Load Controller",
    "start": 1543322446506,
    "end": 1543322446508,
    "duration": 2,
    "pid": 29472,
    "index": 65
  },
  {
    "name": "Load \"controller\" to Application",
    "start": 1543322446506,
    "end": 1543322446508,
    "duration": 2,
    "pid": 29472,
    "index": 66
  },
  {
    "name": "Load Router",
    "start": 1543322446508,
    "end": 1543322446511,
    "duration": 3,
    "pid": 29472,
    "index": 67
  },
  {
    "name": "Require(49) app/router.js",
    "start": 1543322446508,
    "end": 1543322446509,
    "duration": 1,
    "pid": 29472,
    "index": 68
  },
  {
    "name": "Before Start in node_modules/egg-core/lib/egg.js:287:10",
    "start": 1543322446509,
    "end": 1543322446525,
    "duration": 16,
    "pid": 29472,
    "index": 69
  }
]