[
  {
    "name": "Application Start",
    "start": 1543322479723,
    "end": 1543322480156,
    "duration": 433,
    "pid": 29480,
    "index": 0
  },
  {
    "name": "Load Plugin",
    "start": 1543322479727,
    "end": 1543322479734,
    "duration": 7,
    "pid": 29480,
    "index": 1
  },
  {
    "name": "Load Config",
    "start": 1543322479734,
    "end": 1543322479747,
    "duration": 13,
    "pid": 29480,
    "index": 2
  },
  {
    "name": "Require(0) config/config.default.js",
    "start": 1543322479735,
    "end": 1543322479735,
    "duration": 0,
    "pid": 29480,
    "index": 3
  },
  {
    "name": "Require(1) config/config.local.js",
    "start": 1543322479736,
    "end": 1543322479736,
    "duration": 0,
    "pid": 29480,
    "index": 4
  },
  {
    "name": "Require(2) node_modules/egg-session/config/config.default.js",
    "start": 1543322479737,
    "end": 1543322479737,
    "duration": 0,
    "pid": 29480,
    "index": 5
  },
  {
    "name": "Require(3) node_modules/egg-security/config/config.default.js",
    "start": 1543322479737,
    "end": 1543322479738,
    "duration": 1,
    "pid": 29480,
    "index": 6
  },
  {
    "name": "Require(4) node_modules/egg-jsonp/config/config.default.js",
    "start": 1543322479739,
    "end": 1543322479739,
    "duration": 0,
    "pid": 29480,
    "index": 7
  },
  {
    "name": "Require(5) node_modules/egg-onerror/config/config.default.js",
    "start": 1543322479739,
    "end": 1543322479739,
    "duration": 0,
    "pid": 29480,
    "index": 8
  },
  {
    "name": "Require(6) node_modules/egg-i18n/config/config.default.js",
    "start": 1543322479739,
    "end": 1543322479739,
    "duration": 0,
    "pid": 29480,
    "index": 9
  },
  {
    "name": "Require(7) node_modules/egg-watcher/config/config.default.js",
    "start": 1543322479740,
    "end": 1543322479742,
    "duration": 2,
    "pid": 29480,
    "index": 10
  },
  {
    "name": "Require(8) node_modules/egg-schedule/config/config.default.js",
    "start": 1543322479742,
    "end": 1543322479742,
    "duration": 0,
    "pid": 29480,
    "index": 11
  },
  {
    "name": "Require(9) node_modules/egg-multipart/config/config.default.js",
    "start": 1543322479742,
    "end": 1543322479742,
    "duration": 0,
    "pid": 29480,
    "index": 12
  },
  {
    "name": "Require(10) node_modules/egg-development/config/config.default.js",
    "start": 1543322479743,
    "end": 1543322479743,
    "duration": 0,
    "pid": 29480,
    "index": 13
  },
  {
    "name": "Require(11) node_modules/egg-logrotator/config/config.default.js",
    "start": 1543322479743,
    "end": 1543322479743,
    "duration": 0,
    "pid": 29480,
    "index": 14
  },
  {
    "name": "Require(12) node_modules/egg-static/config/config.default.js",
    "start": 1543322479743,
    "end": 1543322479743,
    "duration": 0,
    "pid": 29480,
    "index": 15
  },
  {
    "name": "Require(13) node_modules/egg-view/config/config.default.js",
    "start": 1543322479744,
    "end": 1543322479744,
    "duration": 0,
    "pid": 29480,
    "index": 16
  },
  {
    "name": "Require(14) node_modules/egg-sequelize/config/config.default.js",
    "start": 1543322479744,
    "end": 1543322479744,
    "duration": 0,
    "pid": 29480,
    "index": 17
  },
  {
    "name": "Require(15) node_modules/egg/config/config.default.js",
    "start": 1543322479744,
    "end": 1543322479744,
    "duration": 0,
    "pid": 29480,
    "index": 18
  },
  {
    "name": "Require(16) config/config.default.js",
    "start": 1543322479746,
    "end": 1543322479746,
    "duration": 0,
    "pid": 29480,
    "index": 19
  },
  {
    "name": "Require(17) node_modules/egg-security/config/config.local.js",
    "start": 1543322479746,
    "end": 1543322479746,
    "duration": 0,
    "pid": 29480,
    "index": 20
  },
  {
    "name": "Require(18) node_modules/egg-watcher/config/config.local.js",
    "start": 1543322479746,
    "end": 1543322479746,
    "duration": 0,
    "pid": 29480,
    "index": 21
  },
  {
    "name": "Require(19) node_modules/egg-view/config/config.local.js",
    "start": 1543322479746,
    "end": 1543322479747,
    "duration": 1,
    "pid": 29480,
    "index": 22
  },
  {
    "name": "Require(20) node_modules/egg/config/config.local.js",
    "start": 1543322479747,
    "end": 1543322479747,
    "duration": 0,
    "pid": 29480,
    "index": 23
  },
  {
    "name": "Require(21) config/config.local.js",
    "start": 1543322479747,
    "end": 1543322479747,
    "duration": 0,
    "pid": 29480,
    "index": 24
  },
  {
    "name": "Load extend/application.js",
    "start": 1543322479748,
    "end": 1543322479752,
    "duration": 4,
    "pid": 29480,
    "index": 25
  },
  {
    "name": "Require(22) node_modules/egg-session/app/extend/application.js",
    "start": 1543322479748,
    "end": 1543322479749,
    "duration": 1,
    "pid": 29480,
    "index": 26
  },
  {
    "name": "Require(23) node_modules/egg-security/app/extend/application.js",
    "start": 1543322479749,
    "end": 1543322479749,
    "duration": 0,
    "pid": 29480,
    "index": 27
  },
  {
    "name": "Require(24) node_modules/egg-jsonp/app/extend/application.js",
    "start": 1543322479749,
    "end": 1543322479750,
    "duration": 1,
    "pid": 29480,
    "index": 28
  },
  {
    "name": "Require(25) node_modules/egg-logrotator/app/extend/application.js",
    "start": 1543322479750,
    "end": 1543322479751,
    "duration": 1,
    "pid": 29480,
    "index": 29
  },
  {
    "name": "Require(26) node_modules/egg-view/app/extend/application.js",
    "start": 1543322479751,
    "end": 1543322479751,
    "duration": 0,
    "pid": 29480,
    "index": 30
  },
  {
    "name": "Load extend/request.js",
    "start": 1543322479752,
    "end": 1543322479755,
    "duration": 3,
    "pid": 29480,
    "index": 31
  },
  {
    "name": "Require(27) node_modules/egg/app/extend/request.js",
    "start": 1543322479752,
    "end": 1543322479754,
    "duration": 2,
    "pid": 29480,
    "index": 32
  },
  {
    "name": "Load extend/response.js",
    "start": 1543322479755,
    "end": 1543322479757,
    "duration": 2,
    "pid": 29480,
    "index": 33
  },
  {
    "name": "Require(28) node_modules/egg/app/extend/response.js",
    "start": 1543322479756,
    "end": 1543322479756,
    "duration": 0,
    "pid": 29480,
    "index": 34
  },
  {
    "name": "Load extend/context.js",
    "start": 1543322479757,
    "end": 1543322479795,
    "duration": 38,
    "pid": 29480,
    "index": 35
  },
  {
    "name": "Require(29) node_modules/egg-security/app/extend/context.js",
    "start": 1543322479757,
    "end": 1543322479762,
    "duration": 5,
    "pid": 29480,
    "index": 36
  },
  {
    "name": "Require(30) node_modules/egg-jsonp/app/extend/context.js",
    "start": 1543322479762,
    "end": 1543322479763,
    "duration": 1,
    "pid": 29480,
    "index": 37
  },
  {
    "name": "Require(31) node_modules/egg-i18n/app/extend/context.js",
    "start": 1543322479763,
    "end": 1543322479763,
    "duration": 0,
    "pid": 29480,
    "index": 38
  },
  {
    "name": "Require(32) node_modules/egg-multipart/app/extend/context.js",
    "start": 1543322479763,
    "end": 1543322479793,
    "duration": 30,
    "pid": 29480,
    "index": 39
  },
  {
    "name": "Require(33) node_modules/egg-view/app/extend/context.js",
    "start": 1543322479793,
    "end": 1543322479793,
    "duration": 0,
    "pid": 29480,
    "index": 40
  },
  {
    "name": "Require(34) node_modules/egg/app/extend/context.js",
    "start": 1543322479794,
    "end": 1543322479794,
    "duration": 0,
    "pid": 29480,
    "index": 41
  },
  {
    "name": "Load extend/helper.js",
    "start": 1543322479795,
    "end": 1543322479804,
    "duration": 9,
    "pid": 29480,
    "index": 42
  },
  {
    "name": "Require(35) node_modules/egg-security/app/extend/helper.js",
    "start": 1543322479795,
    "end": 1543322479801,
    "duration": 6,
    "pid": 29480,
    "index": 43
  },
  {
    "name": "Require(36) node_modules/egg/app/extend/helper.js",
    "start": 1543322479801,
    "end": 1543322479802,
    "duration": 1,
    "pid": 29480,
    "index": 44
  },
  {
    "name": "Require(37) app/extend/helper.js",
    "start": 1543322479802,
    "end": 1543322479803,
    "duration": 1,
    "pid": 29480,
    "index": 45
  },
  {
    "name": "Load app.js",
    "start": 1543322479804,
    "end": 1543322479820,
    "duration": 16,
    "pid": 29480,
    "index": 46
  },
  {
    "name": "Require(38) node_modules/egg-session/app.js",
    "start": 1543322479804,
    "end": 1543322479804,
    "duration": 0,
    "pid": 29480,
    "index": 47
  },
  {
    "name": "Require(39) node_modules/egg-security/app.js",
    "start": 1543322479804,
    "end": 1543322479805,
    "duration": 1,
    "pid": 29480,
    "index": 48
  },
  {
    "name": "Require(40) node_modules/egg-onerror/app.js",
    "start": 1543322479805,
    "end": 1543322479810,
    "duration": 5,
    "pid": 29480,
    "index": 49
  },
  {
    "name": "Require(41) node_modules/egg-i18n/app.js",
    "start": 1543322479810,
    "end": 1543322479816,
    "duration": 6,
    "pid": 29480,
    "index": 50
  },
  {
    "name": "Require(42) node_modules/egg-watcher/app.js",
    "start": 1543322479816,
    "end": 1543322479817,
    "duration": 1,
    "pid": 29480,
    "index": 51
  },
  {
    "name": "Require(43) node_modules/egg-schedule/app.js",
    "start": 1543322479818,
    "end": 1543322479818,
    "duration": 0,
    "pid": 29480,
    "index": 52
  },
  {
    "name": "Require(44) node_modules/egg-multipart/app.js",
    "start": 1543322479818,
    "end": 1543322479819,
    "duration": 1,
    "pid": 29480,
    "index": 53
  },
  {
    "name": "Require(45) node_modules/egg-development/app.js",
    "start": 1543322479819,
    "end": 1543322479819,
    "duration": 0,
    "pid": 29480,
    "index": 54
  },
  {
    "name": "Require(46) node_modules/egg-logrotator/app.js",
    "start": 1543322479819,
    "end": 1543322479819,
    "duration": 0,
    "pid": 29480,
    "index": 55
  },
  {
    "name": "Require(47) node_modules/egg-static/app.js",
    "start": 1543322479819,
    "end": 1543322479820,
    "duration": 1,
    "pid": 29480,
    "index": 56
  },
  {
    "name": "Require(48) node_modules/egg-sequelize/app.js",
    "start": 1543322479820,
    "end": 1543322479820,
    "duration": 0,
    "pid": 29480,
    "index": 57
  },
  {
    "name": "Before Start in node_modules/egg-watcher/lib/init.js:15:14",
    "start": 1543322479829,
    "end": 1543322480132,
    "duration": 303,
    "pid": 29480,
    "index": 58
  },
  {
    "name": "Load \"Symbol(model)\" to Application",
    "start": 1543322480030,
    "end": 1543322480040,
    "duration": 10,
    "pid": 29480,
    "index": 59
  },
  {
    "name": "Before Start in node_modules/egg-sequelize/lib/loader.js:39:7",
    "start": 1543322480042,
    "end": 1543322480156,
    "duration": 114,
    "pid": 29480,
    "index": 60
  },
  {
    "name": "Load Service",
    "start": 1543322480042,
    "end": 1543322480046,
    "duration": 4,
    "pid": 29480,
    "index": 61
  },
  {
    "name": "Load \"service\" to Context",
    "start": 1543322480042,
    "end": 1543322480046,
    "duration": 4,
    "pid": 29480,
    "index": 62
  },
  {
    "name": "Load Middleware",
    "start": 1543322480046,
    "end": 1543322480081,
    "duration": 35,
    "pid": 29480,
    "index": 63
  },
  {
    "name": "Load \"middlewares\" to Application",
    "start": 1543322480046,
    "end": 1543322480076,
    "duration": 30,
    "pid": 29480,
    "index": 64
  },
  {
    "name": "Load Controller",
    "start": 1543322480081,
    "end": 1543322480083,
    "duration": 2,
    "pid": 29480,
    "index": 65
  },
  {
    "name": "Load \"controller\" to Application",
    "start": 1543322480081,
    "end": 1543322480083,
    "duration": 2,
    "pid": 29480,
    "index": 66
  },
  {
    "name": "Load Router",
    "start": 1543322480083,
    "end": 1543322480086,
    "duration": 3,
    "pid": 29480,
    "index": 67
  },
  {
    "name": "Require(49) app/router.js",
    "start": 1543322480083,
    "end": 1543322480084,
    "duration": 1,
    "pid": 29480,
    "index": 68
  },
  {
    "name": "Before Start in node_modules/egg-core/lib/egg.js:287:10",
    "start": 1543322480084,
    "end": 1543322480098,
    "duration": 14,
    "pid": 29480,
    "index": 69
  }
]