[
  {
    "name": "Application Start",
    "start": 1543322455914,
    "end": 1543322456373,
    "duration": 459,
    "pid": 29478,
    "index": 0
  },
  {
    "name": "Load Plugin",
    "start": 1543322455918,
    "end": 1543322455925,
    "duration": 7,
    "pid": 29478,
    "index": 1
  },
  {
    "name": "Load Config",
    "start": 1543322455925,
    "end": 1543322455939,
    "duration": 14,
    "pid": 29478,
    "index": 2
  },
  {
    "name": "Require(0) config/config.default.js",
    "start": 1543322455927,
    "end": 1543322455927,
    "duration": 0,
    "pid": 29478,
    "index": 3
  },
  {
    "name": "Require(1) config/config.local.js",
    "start": 1543322455928,
    "end": 1543322455928,
    "duration": 0,
    "pid": 29478,
    "index": 4
  },
  {
    "name": "Require(2) node_modules/egg-session/config/config.default.js",
    "start": 1543322455929,
    "end": 1543322455929,
    "duration": 0,
    "pid": 29478,
    "index": 5
  },
  {
    "name": "Require(3) node_modules/egg-security/config/config.default.js",
    "start": 1543322455929,
    "end": 1543322455930,
    "duration": 1,
    "pid": 29478,
    "index": 6
  },
  {
    "name": "Require(4) node_modules/egg-jsonp/config/config.default.js",
    "start": 1543322455931,
    "end": 1543322455932,
    "duration": 1,
    "pid": 29478,
    "index": 7
  },
  {
    "name": "Require(5) node_modules/egg-onerror/config/config.default.js",
    "start": 1543322455932,
    "end": 1543322455932,
    "duration": 0,
    "pid": 29478,
    "index": 8
  },
  {
    "name": "Require(6) node_modules/egg-i18n/config/config.default.js",
    "start": 1543322455933,
    "end": 1543322455933,
    "duration": 0,
    "pid": 29478,
    "index": 9
  },
  {
    "name": "Require(7) node_modules/egg-watcher/config/config.default.js",
    "start": 1543322455933,
    "end": 1543322455933,
    "duration": 0,
    "pid": 29478,
    "index": 10
  },
  {
    "name": "Require(8) node_modules/egg-schedule/config/config.default.js",
    "start": 1543322455933,
    "end": 1543322455934,
    "duration": 1,
    "pid": 29478,
    "index": 11
  },
  {
    "name": "Require(9) node_modules/egg-multipart/config/config.default.js",
    "start": 1543322455934,
    "end": 1543322455934,
    "duration": 0,
    "pid": 29478,
    "index": 12
  },
  {
    "name": "Require(10) node_modules/egg-development/config/config.default.js",
    "start": 1543322455934,
    "end": 1543322455934,
    "duration": 0,
    "pid": 29478,
    "index": 13
  },
  {
    "name": "Require(11) node_modules/egg-logrotator/config/config.default.js",
    "start": 1543322455934,
    "end": 1543322455935,
    "duration": 1,
    "pid": 29478,
    "index": 14
  },
  {
    "name": "Require(12) node_modules/egg-static/config/config.default.js",
    "start": 1543322455935,
    "end": 1543322455935,
    "duration": 0,
    "pid": 29478,
    "index": 15
  },
  {
    "name": "Require(13) node_modules/egg-view/config/config.default.js",
    "start": 1543322455935,
    "end": 1543322455936,
    "duration": 1,
    "pid": 29478,
    "index": 16
  },
  {
    "name": "Require(14) node_modules/egg-sequelize/config/config.default.js",
    "start": 1543322455936,
    "end": 1543322455936,
    "duration": 0,
    "pid": 29478,
    "index": 17
  },
  {
    "name": "Require(15) node_modules/egg/config/config.default.js",
    "start": 1543322455936,
    "end": 1543322455936,
    "duration": 0,
    "pid": 29478,
    "index": 18
  },
  {
    "name": "Require(16) config/config.default.js",
    "start": 1543322455938,
    "end": 1543322455938,
    "duration": 0,
    "pid": 29478,
    "index": 19
  },
  {
    "name": "Require(17) node_modules/egg-security/config/config.local.js",
    "start": 1543322455938,
    "end": 1543322455938,
    "duration": 0,
    "pid": 29478,
    "index": 20
  },
  {
    "name": "Require(18) node_modules/egg-watcher/config/config.local.js",
    "start": 1543322455938,
    "end": 1543322455938,
    "duration": 0,
    "pid": 29478,
    "index": 21
  },
  {
    "name": "Require(19) node_modules/egg-view/config/config.local.js",
    "start": 1543322455939,
    "end": 1543322455939,
    "duration": 0,
    "pid": 29478,
    "index": 22
  },
  {
    "name": "Require(20) node_modules/egg/config/config.local.js",
    "start": 1543322455939,
    "end": 1543322455939,
    "duration": 0,
    "pid": 29478,
    "index": 23
  },
  {
    "name": "Require(21) config/config.local.js",
    "start": 1543322455939,
    "end": 1543322455939,
    "duration": 0,
    "pid": 29478,
    "index": 24
  },
  {
    "name": "Load extend/application.js",
    "start": 1543322455941,
    "end": 1543322455946,
    "duration": 5,
    "pid": 29478,
    "index": 25
  },
  {
    "name": "Require(22) node_modules/egg-session/app/extend/application.js",
    "start": 1543322455941,
    "end": 1543322455942,
    "duration": 1,
    "pid": 29478,
    "index": 26
  },
  {
    "name": "Require(23) node_modules/egg-security/app/extend/application.js",
    "start": 1543322455942,
    "end": 1543322455943,
    "duration": 1,
    "pid": 29478,
    "index": 27
  },
  {
    "name": "Require(24) node_modules/egg-jsonp/app/extend/application.js",
    "start": 1543322455943,
    "end": 1543322455944,
    "duration": 1,
    "pid": 29478,
    "index": 28
  },
  {
    "name": "Require(25) node_modules/egg-logrotator/app/extend/application.js",
    "start": 1543322455944,
    "end": 1543322455945,
    "duration": 1,
    "pid": 29478,
    "index": 29
  },
  {
    "name": "Require(26) node_modules/egg-view/app/extend/application.js",
    "start": 1543322455945,
    "end": 1543322455946,
    "duration": 1,
    "pid": 29478,
    "index": 30
  },
  {
    "name": "Load extend/request.js",
    "start": 1543322455946,
    "end": 1543322455949,
    "duration": 3,
    "pid": 29478,
    "index": 31
  },
  {
    "name": "Require(27) node_modules/egg/app/extend/request.js",
    "start": 1543322455947,
    "end": 1543322455949,
    "duration": 2,
    "pid": 29478,
    "index": 32
  },
  {
    "name": "Load extend/response.js",
    "start": 1543322455949,
    "end": 1543322455951,
    "duration": 2,
    "pid": 29478,
    "index": 33
  },
  {
    "name": "Require(28) node_modules/egg/app/extend/response.js",
    "start": 1543322455950,
    "end": 1543322455951,
    "duration": 1,
    "pid": 29478,
    "index": 34
  },
  {
    "name": "Load extend/context.js",
    "start": 1543322455951,
    "end": 1543322455990,
    "duration": 39,
    "pid": 29478,
    "index": 35
  },
  {
    "name": "Require(29) node_modules/egg-security/app/extend/context.js",
    "start": 1543322455951,
    "end": 1543322455957,
    "duration": 6,
    "pid": 29478,
    "index": 36
  },
  {
    "name": "Require(30) node_modules/egg-jsonp/app/extend/context.js",
    "start": 1543322455958,
    "end": 1543322455959,
    "duration": 1,
    "pid": 29478,
    "index": 37
  },
  {
    "name": "Require(31) node_modules/egg-i18n/app/extend/context.js",
    "start": 1543322455959,
    "end": 1543322455959,
    "duration": 0,
    "pid": 29478,
    "index": 38
  },
  {
    "name": "Require(32) node_modules/egg-multipart/app/extend/context.js",
    "start": 1543322455960,
    "end": 1543322455988,
    "duration": 28,
    "pid": 29478,
    "index": 39
  },
  {
    "name": "Require(33) node_modules/egg-view/app/extend/context.js",
    "start": 1543322455988,
    "end": 1543322455988,
    "duration": 0,
    "pid": 29478,
    "index": 40
  },
  {
    "name": "Require(34) node_modules/egg/app/extend/context.js",
    "start": 1543322455989,
    "end": 1543322455989,
    "duration": 0,
    "pid": 29478,
    "index": 41
  },
  {
    "name": "Load extend/helper.js",
    "start": 1543322455990,
    "end": 1543322456002,
    "duration": 12,
    "pid": 29478,
    "index": 42
  },
  {
    "name": "Require(35) node_modules/egg-security/app/extend/helper.js",
    "start": 1543322455990,
    "end": 1543322455999,
    "duration": 9,
    "pid": 29478,
    "index": 43
  },
  {
    "name": "Require(36) node_modules/egg/app/extend/helper.js",
    "start": 1543322455999,
    "end": 1543322456000,
    "duration": 1,
    "pid": 29478,
    "index": 44
  },
  {
    "name": "Require(37) app/extend/helper.js",
    "start": 1543322456000,
    "end": 1543322456002,
    "duration": 2,
    "pid": 29478,
    "index": 45
  },
  {
    "name": "Load app.js",
    "start": 1543322456002,
    "end": 1543322456024,
    "duration": 22,
    "pid": 29478,
    "index": 46
  },
  {
    "name": "Require(38) node_modules/egg-session/app.js",
    "start": 1543322456003,
    "end": 1543322456003,
    "duration": 0,
    "pid": 29478,
    "index": 47
  },
  {
    "name": "Require(39) node_modules/egg-security/app.js",
    "start": 1543322456003,
    "end": 1543322456004,
    "duration": 1,
    "pid": 29478,
    "index": 48
  },
  {
    "name": "Require(40) node_modules/egg-onerror/app.js",
    "start": 1543322456004,
    "end": 1543322456008,
    "duration": 4,
    "pid": 29478,
    "index": 49
  },
  {
    "name": "Require(41) node_modules/egg-i18n/app.js",
    "start": 1543322456009,
    "end": 1543322456020,
    "duration": 11,
    "pid": 29478,
    "index": 50
  },
  {
    "name": "Require(42) node_modules/egg-watcher/app.js",
    "start": 1543322456020,
    "end": 1543322456021,
    "duration": 1,
    "pid": 29478,
    "index": 51
  },
  {
    "name": "Require(43) node_modules/egg-schedule/app.js",
    "start": 1543322456021,
    "end": 1543322456022,
    "duration": 1,
    "pid": 29478,
    "index": 52
  },
  {
    "name": "Require(44) node_modules/egg-multipart/app.js",
    "start": 1543322456022,
    "end": 1543322456023,
    "duration": 1,
    "pid": 29478,
    "index": 53
  },
  {
    "name": "Require(45) node_modules/egg-development/app.js",
    "start": 1543322456023,
    "end": 1543322456023,
    "duration": 0,
    "pid": 29478,
    "index": 54
  },
  {
    "name": "Require(46) node_modules/egg-logrotator/app.js",
    "start": 1543322456023,
    "end": 1543322456023,
    "duration": 0,
    "pid": 29478,
    "index": 55
  },
  {
    "name": "Require(47) node_modules/egg-static/app.js",
    "start": 1543322456023,
    "end": 1543322456023,
    "duration": 0,
    "pid": 29478,
    "index": 56
  },
  {
    "name": "Require(48) node_modules/egg-sequelize/app.js",
    "start": 1543322456023,
    "end": 1543322456024,
    "duration": 1,
    "pid": 29478,
    "index": 57
  },
  {
    "name": "Before Start in node_modules/egg-watcher/lib/init.js:15:14",
    "start": 1543322456035,
    "end": 1543322456355,
    "duration": 320,
    "pid": 29478,
    "index": 58
  },
  {
    "name": "Load \"Symbol(model)\" to Application",
    "start": 1543322456252,
    "end": 1543322456262,
    "duration": 10,
    "pid": 29478,
    "index": 59
  },
  {
    "name": "Before Start in node_modules/egg-sequelize/lib/loader.js:39:7",
    "start": 1543322456264,
    "end": 1543322456373,
    "duration": 109,
    "pid": 29478,
    "index": 60
  },
  {
    "name": "Load Service",
    "start": 1543322456264,
    "end": 1543322456267,
    "duration": 3,
    "pid": 29478,
    "index": 61
  },
  {
    "name": "Load \"service\" to Context",
    "start": 1543322456264,
    "end": 1543322456267,
    "duration": 3,
    "pid": 29478,
    "index": 62
  },
  {
    "name": "Load Middleware",
    "start": 1543322456268,
    "end": 1543322456307,
    "duration": 39,
    "pid": 29478,
    "index": 63
  },
  {
    "name": "Load \"middlewares\" to Application",
    "start": 1543322456268,
    "end": 1543322456301,
    "duration": 33,
    "pid": 29478,
    "index": 64
  },
  {
    "name": "Load Controller",
    "start": 1543322456307,
    "end": 1543322456309,
    "duration": 2,
    "pid": 29478,
    "index": 65
  },
  {
    "name": "Load \"controller\" to Application",
    "start": 1543322456307,
    "end": 1543322456309,
    "duration": 2,
    "pid": 29478,
    "index": 66
  },
  {
    "name": "Load Router",
    "start": 1543322456310,
    "end": 1543322456312,
    "duration": 2,
    "pid": 29478,
    "index": 67
  },
  {
    "name": "Require(49) app/router.js",
    "start": 1543322456310,
    "end": 1543322456310,
    "duration": 0,
    "pid": 29478,
    "index": 68
  },
  {
    "name": "Before Start in node_modules/egg-core/lib/egg.js:287:10",
    "start": 1543322456310,
    "end": 1543322456323,
    "duration": 13,
    "pid": 29478,
    "index": 69
  }
]