[
  {
    "name": "Application Start",
    "start": 1543322149519,
    "end": 1543322150111,
    "duration": 592,
    "pid": 29429,
    "index": 0
  },
  {
    "name": "Load Plugin",
    "start": 1543322149523,
    "end": 1543322149528,
    "duration": 5,
    "pid": 29429,
    "index": 1
  },
  {
    "name": "Load Config",
    "start": 1543322149528,
    "end": 1543322149543,
    "duration": 15,
    "pid": 29429,
    "index": 2
  },
  {
    "name": "Require(0) config/config.default.js",
    "start": 1543322149529,
    "end": 1543322149529,
    "duration": 0,
    "pid": 29429,
    "index": 3
  },
  {
    "name": "Require(1) config/config.local.js",
    "start": 1543322149531,
    "end": 1543322149532,
    "duration": 1,
    "pid": 29429,
    "index": 4
  },
  {
    "name": "Require(2) node_modules/egg-session/config/config.default.js",
    "start": 1543322149532,
    "end": 1543322149532,
    "duration": 0,
    "pid": 29429,
    "index": 5
  },
  {
    "name": "Require(3) node_modules/egg-security/config/config.default.js",
    "start": 1543322149532,
    "end": 1543322149534,
    "duration": 2,
    "pid": 29429,
    "index": 6
  },
  {
    "name": "Require(4) node_modules/egg-jsonp/config/config.default.js",
    "start": 1543322149535,
    "end": 1543322149535,
    "duration": 0,
    "pid": 29429,
    "index": 7
  },
  {
    "name": "Require(5) node_modules/egg-onerror/config/config.default.js",
    "start": 1543322149535,
    "end": 1543322149536,
    "duration": 1,
    "pid": 29429,
    "index": 8
  },
  {
    "name": "Require(6) node_modules/egg-i18n/config/config.default.js",
    "start": 1543322149536,
    "end": 1543322149536,
    "duration": 0,
    "pid": 29429,
    "index": 9
  },
  {
    "name": "Require(7) node_modules/egg-watcher/config/config.default.js",
    "start": 1543322149537,
    "end": 1543322149537,
    "duration": 0,
    "pid": 29429,
    "index": 10
  },
  {
    "name": "Require(8) node_modules/egg-schedule/config/config.default.js",
    "start": 1543322149537,
    "end": 1543322149537,
    "duration": 0,
    "pid": 29429,
    "index": 11
  },
  {
    "name": "Require(9) node_modules/egg-multipart/config/config.default.js",
    "start": 1543322149537,
    "end": 1543322149538,
    "duration": 1,
    "pid": 29429,
    "index": 12
  },
  {
    "name": "Require(10) node_modules/egg-development/config/config.default.js",
    "start": 1543322149538,
    "end": 1543322149538,
    "duration": 0,
    "pid": 29429,
    "index": 13
  },
  {
    "name": "Require(11) node_modules/egg-logrotator/config/config.default.js",
    "start": 1543322149538,
    "end": 1543322149538,
    "duration": 0,
    "pid": 29429,
    "index": 14
  },
  {
    "name": "Require(12) node_modules/egg-static/config/config.default.js",
    "start": 1543322149538,
    "end": 1543322149539,
    "duration": 1,
    "pid": 29429,
    "index": 15
  },
  {
    "name": "Require(13) node_modules/egg-view/config/config.default.js",
    "start": 1543322149539,
    "end": 1543322149539,
    "duration": 0,
    "pid": 29429,
    "index": 16
  },
  {
    "name": "Require(14) node_modules/egg-sequelize/config/config.default.js",
    "start": 1543322149539,
    "end": 1543322149539,
    "duration": 0,
    "pid": 29429,
    "index": 17
  },
  {
    "name": "Require(15) node_modules/egg/config/config.default.js",
    "start": 1543322149539,
    "end": 1543322149540,
    "duration": 1,
    "pid": 29429,
    "index": 18
  },
  {
    "name": "Require(16) config/config.default.js",
    "start": 1543322149541,
    "end": 1543322149541,
    "duration": 0,
    "pid": 29429,
    "index": 19
  },
  {
    "name": "Require(17) node_modules/egg-security/config/config.local.js",
    "start": 1543322149541,
    "end": 1543322149541,
    "duration": 0,
    "pid": 29429,
    "index": 20
  },
  {
    "name": "Require(18) node_modules/egg-watcher/config/config.local.js",
    "start": 1543322149542,
    "end": 1543322149542,
    "duration": 0,
    "pid": 29429,
    "index": 21
  },
  {
    "name": "Require(19) node_modules/egg-view/config/config.local.js",
    "start": 1543322149542,
    "end": 1543322149542,
    "duration": 0,
    "pid": 29429,
    "index": 22
  },
  {
    "name": "Require(20) node_modules/egg/config/config.local.js",
    "start": 1543322149542,
    "end": 1543322149542,
    "duration": 0,
    "pid": 29429,
    "index": 23
  },
  {
    "name": "Require(21) config/config.local.js",
    "start": 1543322149542,
    "end": 1543322149542,
    "duration": 0,
    "pid": 29429,
    "index": 24
  },
  {
    "name": "Load extend/application.js",
    "start": 1543322149544,
    "end": 1543322149554,
    "duration": 10,
    "pid": 29429,
    "index": 25
  },
  {
    "name": "Require(22) node_modules/egg-session/app/extend/application.js",
    "start": 1543322149544,
    "end": 1543322149545,
    "duration": 1,
    "pid": 29429,
    "index": 26
  },
  {
    "name": "Require(23) node_modules/egg-security/app/extend/application.js",
    "start": 1543322149545,
    "end": 1543322149547,
    "duration": 2,
    "pid": 29429,
    "index": 27
  },
  {
    "name": "Require(24) node_modules/egg-jsonp/app/extend/application.js",
    "start": 1543322149547,
    "end": 1543322149549,
    "duration": 2,
    "pid": 29429,
    "index": 28
  },
  {
    "name": "Require(25) node_modules/egg-logrotator/app/extend/application.js",
    "start": 1543322149549,
    "end": 1543322149551,
    "duration": 2,
    "pid": 29429,
    "index": 29
  },
  {
    "name": "Require(26) node_modules/egg-view/app/extend/application.js",
    "start": 1543322149551,
    "end": 1543322149553,
    "duration": 2,
    "pid": 29429,
    "index": 30
  },
  {
    "name": "Load extend/request.js",
    "start": 1543322149554,
    "end": 1543322149559,
    "duration": 5,
    "pid": 29429,
    "index": 31
  },
  {
    "name": "Require(27) node_modules/egg/app/extend/request.js",
    "start": 1543322149555,
    "end": 1543322149558,
    "duration": 3,
    "pid": 29429,
    "index": 32
  },
  {
    "name": "Load extend/response.js",
    "start": 1543322149559,
    "end": 1543322149562,
    "duration": 3,
    "pid": 29429,
    "index": 33
  },
  {
    "name": "Require(28) node_modules/egg/app/extend/response.js",
    "start": 1543322149560,
    "end": 1543322149561,
    "duration": 1,
    "pid": 29429,
    "index": 34
  },
  {
    "name": "Load extend/context.js",
    "start": 1543322149562,
    "end": 1543322149632,
    "duration": 70,
    "pid": 29429,
    "index": 35
  },
  {
    "name": "Require(29) node_modules/egg-security/app/extend/context.js",
    "start": 1543322149562,
    "end": 1543322149579,
    "duration": 17,
    "pid": 29429,
    "index": 36
  },
  {
    "name": "Require(30) node_modules/egg-jsonp/app/extend/context.js",
    "start": 1543322149579,
    "end": 1543322149581,
    "duration": 2,
    "pid": 29429,
    "index": 37
  },
  {
    "name": "Require(31) node_modules/egg-i18n/app/extend/context.js",
    "start": 1543322149581,
    "end": 1543322149582,
    "duration": 1,
    "pid": 29429,
    "index": 38
  },
  {
    "name": "Require(32) node_modules/egg-multipart/app/extend/context.js",
    "start": 1543322149583,
    "end": 1543322149627,
    "duration": 44,
    "pid": 29429,
    "index": 39
  },
  {
    "name": "Require(33) node_modules/egg-view/app/extend/context.js",
    "start": 1543322149628,
    "end": 1543322149629,
    "duration": 1,
    "pid": 29429,
    "index": 40
  },
  {
    "name": "Require(34) node_modules/egg/app/extend/context.js",
    "start": 1543322149630,
    "end": 1543322149631,
    "duration": 1,
    "pid": 29429,
    "index": 41
  },
  {
    "name": "Load extend/helper.js",
    "start": 1543322149632,
    "end": 1543322149665,
    "duration": 33,
    "pid": 29429,
    "index": 42
  },
  {
    "name": "Require(35) node_modules/egg-security/app/extend/helper.js",
    "start": 1543322149632,
    "end": 1543322149657,
    "duration": 25,
    "pid": 29429,
    "index": 43
  },
  {
    "name": "Require(36) node_modules/egg/app/extend/helper.js",
    "start": 1543322149658,
    "end": 1543322149658,
    "duration": 0,
    "pid": 29429,
    "index": 44
  },
  {
    "name": "Require(37) app/extend/helper.js",
    "start": 1543322149659,
    "end": 1543322149664,
    "duration": 5,
    "pid": 29429,
    "index": 45
  },
  {
    "name": "Load app.js",
    "start": 1543322149665,
    "end": 1543322149711,
    "duration": 46,
    "pid": 29429,
    "index": 46
  },
  {
    "name": "Require(38) node_modules/egg-session/app.js",
    "start": 1543322149665,
    "end": 1543322149666,
    "duration": 1,
    "pid": 29429,
    "index": 47
  },
  {
    "name": "Require(39) node_modules/egg-security/app.js",
    "start": 1543322149666,
    "end": 1543322149668,
    "duration": 2,
    "pid": 29429,
    "index": 48
  },
  {
    "name": "Require(40) node_modules/egg-onerror/app.js",
    "start": 1543322149668,
    "end": 1543322149681,
    "duration": 13,
    "pid": 29429,
    "index": 49
  },
  {
    "name": "Require(41) node_modules/egg-i18n/app.js",
    "start": 1543322149681,
    "end": 1543322149699,
    "duration": 18,
    "pid": 29429,
    "index": 50
  },
  {
    "name": "Require(42) node_modules/egg-watcher/app.js",
    "start": 1543322149699,
    "end": 1543322149702,
    "duration": 3,
    "pid": 29429,
    "index": 51
  },
  {
    "name": "Require(43) node_modules/egg-schedule/app.js",
    "start": 1543322149702,
    "end": 1543322149703,
    "duration": 1,
    "pid": 29429,
    "index": 52
  },
  {
    "name": "Require(44) node_modules/egg-multipart/app.js",
    "start": 1543322149703,
    "end": 1543322149707,
    "duration": 4,
    "pid": 29429,
    "index": 53
  },
  {
    "name": "Require(45) node_modules/egg-development/app.js",
    "start": 1543322149707,
    "end": 1543322149708,
    "duration": 1,
    "pid": 29429,
    "index": 54
  },
  {
    "name": "Require(46) node_modules/egg-logrotator/app.js",
    "start": 1543322149708,
    "end": 1543322149709,
    "duration": 1,
    "pid": 29429,
    "index": 55
  },
  {
    "name": "Require(47) node_modules/egg-static/app.js",
    "start": 1543322149709,
    "end": 1543322149710,
    "duration": 1,
    "pid": 29429,
    "index": 56
  },
  {
    "name": "Require(48) node_modules/egg-sequelize/app.js",
    "start": 1543322149710,
    "end": 1543322149711,
    "duration": 1,
    "pid": 29429,
    "index": 57
  },
  {
    "name": "Before Start in node_modules/egg-watcher/lib/init.js:15:14",
    "start": 1543322149722,
    "end": 1543322150092,
    "duration": 370,
    "pid": 29429,
    "index": 58
  },
  {
    "name": "Load \"Symbol(model)\" to Application",
    "start": 1543322149928,
    "end": 1543322149938,
    "duration": 10,
    "pid": 29429,
    "index": 59
  },
  {
    "name": "Before Start in node_modules/egg-sequelize/lib/loader.js:39:7",
    "start": 1543322149940,
    "end": 1543322150110,
    "duration": 170,
    "pid": 29429,
    "index": 60
  },
  {
    "name": "Load Service",
    "start": 1543322149940,
    "end": 1543322149946,
    "duration": 6,
    "pid": 29429,
    "index": 61
  },
  {
    "name": "Load \"service\" to Context",
    "start": 1543322149940,
    "end": 1543322149946,
    "duration": 6,
    "pid": 29429,
    "index": 62
  },
  {
    "name": "Load Middleware",
    "start": 1543322149946,
    "end": 1543322150047,
    "duration": 101,
    "pid": 29429,
    "index": 63
  },
  {
    "name": "Load \"middlewares\" to Application",
    "start": 1543322149946,
    "end": 1543322150037,
    "duration": 91,
    "pid": 29429,
    "index": 64
  },
  {
    "name": "Load Controller",
    "start": 1543322150047,
    "end": 1543322150050,
    "duration": 3,
    "pid": 29429,
    "index": 65
  },
  {
    "name": "Load \"controller\" to Application",
    "start": 1543322150047,
    "end": 1543322150050,
    "duration": 3,
    "pid": 29429,
    "index": 66
  },
  {
    "name": "Load Router",
    "start": 1543322150050,
    "end": 1543322150053,
    "duration": 3,
    "pid": 29429,
    "index": 67
  },
  {
    "name": "Require(49) app/router.js",
    "start": 1543322150050,
    "end": 1543322150051,
    "duration": 1,
    "pid": 29429,
    "index": 68
  },
  {
    "name": "Before Start in node_modules/egg-core/lib/egg.js:287:10",
    "start": 1543322150051,
    "end": 1543322150065,
    "duration": 14,
    "pid": 29429,
    "index": 69
  }
]